Division,Homicide_Type,Hood_ID,Neighbourhood,Occurrence_Date,Occurrence_year
D53,Other,97,Yonge-St.Clair (97),2004-01-03T00:00:00Z,2004
D42,Shooting,137,Woburn (137),2004-01-08T00:00:00Z,2004
D42,Shooting,132,Malvern (132),2004-01-08T00:00:00Z,2004
D13,Shooting,93,Dovercourt-Wallace Emerson-Junction (93),2004-01-25T00:00:00Z,2004
D42,Shooting,131,Rouge (131),2004-01-25T00:00:00Z,2004
D31,Stabbing,26,Downsview-Roding-CFB (26),2004-02-20T00:00:00Z,2004
D31,Shooting,26,Downsview-Roding-CFB (26),2004-02-21T00:00:00Z,2004
D23,Other,2,Mount Olive-Silverstone-Jamestown (2),2004-02-21T00:00:00Z,2004
D42,Shooting,132,Malvern (132),2004-03-03T00:00:00Z,2004
D41,Shooting,120,Clairlea-Birchmount (120),2004-03-04T00:00:00Z,2004
D42,Shooting,129,Agincourt North (129),2004-03-03T00:00:00Z,2004
D41,Stabbing,137,Woburn (137),2004-03-13T00:00:00Z,2004
D53,Other,32,Englemount-Lawrence (32),2004-03-18T01:00:00Z,2004
D42,Other,137,Woburn (137),2004-03-24T01:00:00Z,2004
D51,Other,73,Moss Park (73),2004-04-01T01:00:00Z,2004
D23,Shooting,5,Elms-Old Rexdale (5),2004-04-13T00:00:00Z,2004
D23,Shooting,2,Mount Olive-Silverstone-Jamestown (2),2004-05-01T00:00:00Z,2004
D54,Shooting,58,Old East York (58),2004-03-03T00:00:00Z,2004
D31,Shooting,24,Black Creek (24),2004-05-15T00:00:00Z,2004
D22,Stabbing,20,Alderwood (20),2004-05-19T00:00:00Z,2004
D51,Shooting,72,Regent Park (72),2004-05-21T00:00:00Z,2004
D23,Other,3,Thistletown-Beaumond Heights (3),2004-05-21T00:00:00Z,2004
D13,Other,31,Yorkdale-Glen Park (31),2004-05-20T00:00:00Z,2004
D11,Other,86,Roncesvalles (86),2004-05-25T00:00:00Z,2004
D51,Other,73,Moss Park (73),2004-06-01T00:00:00Z,2004
D14,Shooting,85,South Parkdale (85),2004-06-04T00:00:00Z,2004
D51,Stabbing,73,Moss Park (73),2004-06-18T00:00:00Z,2004
D31,Shooting,23,Pelmo Park-Humberlea (23),2004-06-19T00:00:00Z,2004
D31,Shooting,24,Black Creek (24),2004-07-01T00:00:00Z,2004
D41,Stabbing,121,Oakridge (121),2004-07-05T00:00:00Z,2004
D22,Stabbing,16,Stonegate-Queensway (16),2004-07-07T00:00:00Z,2004
D51,Shooting,17,Mimico (includes Humber Bay Shores) (17),2009-08-04T00:00:00Z,2009
D31,Stabbing,113,Weston (113),2004-07-08T00:00:00Z,2004
D32,Stabbing,37,Willowdale West (37),2004-07-09T00:00:00Z,2004
D33,Shooting,48,Hillcrest Village (48),2004-07-21T00:00:00Z,2004
D11,Other,90,Junction Area (90),2004-07-23T00:00:00Z,2004
D51,Shooting,77,Waterfront Communities-The Island (77),2004-07-24T00:00:00Z,2004
D41,Shooting,124,Kennedy Park (124),2009-08-05T00:00:00Z,2009
D11,Other,93,Dovercourt-Wallace Emerson-Junction (93),2004-08-05T00:00:00Z,2004
D23,Shooting,1,West Humber-Clairville (1),2009-08-10T00:00:00Z,2009
D31,Stabbing,113,Weston (113),2004-08-18T00:00:00Z,2004
D23,Shooting,2,Mount Olive-Silverstone-Jamestown (2),2009-08-16T00:00:00Z,2009
D13,Stabbing,108,Briar Hill-Belgravia (108),2004-08-19T00:00:00Z,2004
D55,Shooting,69,Blake-Jones (69),2009-09-02T00:00:00Z,2009
D42,Shooting,134,Highland Creek (134),2004-08-30T00:00:00Z,2004
D51,Shooting,77,Waterfront Communities-The Island (77),2009-09-05T00:00:00Z,2009
D51,Other,75,Church-Yonge Corridor (75),2004-08-30T00:00:00Z,2004
D33,Shooting,49,Bayview Woods-Steeles (49),2009-09-07T00:00:00Z,2009
D31,Stabbing,22,Humbermede (22),2004-08-31T00:00:00Z,2004
D23,Shooting,6,Kingsview Village-The Westway (6),2004-09-05T00:00:00Z,2004
D23,Shooting,1,West Humber-Clairville (1),2004-09-21T00:00:00Z,2004
D11,Other,27,York University Heights (27),2004-09-22T00:00:00Z,2004
D55,Other,70,South Riverdale (70),2004-10-08T00:00:00Z,2004
D31,Shooting,28,Rustic (28),2004-10-15T00:00:00Z,2004
D53,Other,99,Mount Pleasant East (99),2004-10-27T00:00:00Z,2004
D13,Other,92,Corso Italia-Davenport (92),2004-11-12T00:00:00Z,2004
D14,Stabbing,93,Dovercourt-Wallace Emerson-Junction (93),2004-12-01T00:00:00Z,2004
D14,Stabbing,93,Dovercourt-Wallace Emerson-Junction (93),2004-12-01T00:00:00Z,2004
D42,Other,133,Centennial Scarborough (133),2004-12-02T00:00:00Z,2004
D54,Stabbing,58,Old East York (58),2004-12-03T00:00:00Z,2004
D11,Other,87,High Park-Swansea (87),2004-10-21T00:00:00Z,2004
D33,Stabbing,40,St.Andrew-Windfields (40),2004-12-11T00:00:00Z,2004
D14,Stabbing,78,Kensington-Chinatown (78),2004-12-11T00:00:00Z,2004
D54,Stabbing,54,O'Connor-Parkview (54),2004-12-12T00:00:00Z,2004
D51,Shooting,75,Church-Yonge Corridor (75),2004-12-19T00:00:00Z,2004
D41,Shooting,124,Kennedy Park (124),2004-12-19T00:00:00Z,2004
D54,Shooting,44,Flemingdon Park (44),2004-12-20T00:00:00Z,2004
D42,Stabbing,123,Cliffcrest (123),2004-12-31T00:00:00Z,2004
D42,Other,132,Malvern (132),2004-07-12T00:00:00Z,2004
D31,Shooting,29,Maple Leaf (29),2004-05-22T00:00:00Z,2004
D42,Stabbing,130,Milliken (130),2005-01-14T00:00:00Z,2005
D14,Stabbing,93,Dovercourt-Wallace Emerson-Junction (93),2005-01-18T00:00:00Z,2005
D14,Shooting,82,Niagara (82),2005-01-21T00:00:00Z,2005
D14,Shooting,82,Niagara (82),2005-01-21T00:00:00Z,2005
D33,Shooting,126,Dorset Park (126),2005-02-11T00:00:00Z,2005
D12,Other,91,Weston-Pellam Park (91),2005-02-11T00:00:00Z,2005
D23,Shooting,2,Mount Olive-Silverstone-Jamestown (2),2005-02-12T00:00:00Z,2005
D41,Shooting,126,Dorset Park (126),2005-02-15T00:00:00Z,2005
D51,Shooting,71,Cabbagetown-South St.James Town (71),2005-02-15T00:00:00Z,2005
D22,Other,17,Mimico (includes Humber Bay Shores) (17),2005-02-18T00:00:00Z,2005
D32,Shooting,35,Westminster-Branson (35),2005-02-28T00:00:00Z,2005
D33,Shooting,42,Banbury-Don Mills (42),2005-03-05T00:00:00Z,2005
D22,Stabbing,16,Stonegate-Queensway (16),2005-03-11T00:00:00Z,2005
D51,Shooting,75,Church-Yonge Corridor (75),2005-03-25T01:00:00Z,2005
D41,Shooting,122,Birchcliffe-Cliffside (122),2005-04-13T00:00:00Z,2005
D11,Shooting,85,South Parkdale (85),2005-04-18T00:00:00Z,2005
D52,Other,77,Waterfront Communities-The Island (77),2005-04-19T00:00:00Z,2005
D31,Shooting,21,Humber Summit (21),2005-04-24T00:00:00Z,2005
D42,Stabbing,129,Agincourt North (129),2005-05-04T00:00:00Z,2005
D14,Shooting,83,Dufferin Grove (83),2005-05-05T00:00:00Z,2005
D31,Stabbing,25,Glenfield-Jane Heights (25),2005-05-05T00:00:00Z,2005
D54,Shooting,69,Blake-Jones (69),2005-05-08T00:00:00Z,2005
D51,Shooting,75,Church-Yonge Corridor (75),2005-05-14T00:00:00Z,2005
D41,Shooting,137,Woburn (137),2005-05-15T00:00:00Z,2005
D42,Shooting,136,West Hill (136),2005-05-18T00:00:00Z,2005
D31,Stabbing,25,Glenfield-Jane Heights (25),2005-05-27T00:00:00Z,2005
D55,Shooting,62,East End-Danforth (62),2005-06-12T00:00:00Z,2005
D31,Shooting,24,Black Creek (24),2005-06-24T00:00:00Z,2005
D32,Stabbing,32,Englemount-Lawrence (32),2005-06-25T00:00:00Z,2005
D14,Shooting,93,Dovercourt-Wallace Emerson-Junction (93),2005-06-29T00:00:00Z,2005
D23,Shooting,3,Thistletown-Beaumond Heights (3),2005-07-06T00:00:00Z,2005
D41,Other,121,Oakridge (121),2005-07-17T00:00:00Z,2005
D12,Shooting,111,Rockcliffe-Smythe (111),2005-07-19T00:00:00Z,2005
D33,Other,45,Parkwoods-Donalda (45),2005-07-20T00:00:00Z,2005
D42,Other,136,West Hill (136),2005-07-15T00:00:00Z,2005
D31,Shooting,32,Englemount-Lawrence (32),2005-07-30T00:00:00Z,2005
D42,Shooting,117,L'Amoreaux (117),2005-07-30T00:00:00Z,2005
D41,Other,120,Clairlea-Birchmount (120),2009-09-12T00:00:00Z,2009
D14,Shooting,85,South Parkdale (85),2009-10-10T00:00:00Z,2009
D51,Other,75,Church-Yonge Corridor (75),2009-10-18T00:00:00Z,2009
D31,Shooting,27,York University Heights (27),2009-10-18T00:00:00Z,2009
D13,Shooting,94,Wychwood (94),2009-10-30T00:00:00Z,2009
D54,Shooting,67,Playter Estates-Danforth (67),2009-11-02T00:00:00Z,2009
D31,Shooting,27,York University Heights (27),2009-11-03T00:00:00Z,2009
D53,Stabbing,95,Annex (95),2009-11-04T00:00:00Z,2009
D55,Other,70,South Riverdale (70),2009-11-07T00:00:00Z,2009
D14,Stabbing,79,University (79),2009-11-07T00:00:00Z,2009
D55,Other,70,South Riverdale (70),2010-01-02T00:00:00Z,2010
D13,Shooting,107,Oakwood Village (107),2009-11-11T00:00:00Z,2009
D23,Shooting,6,Kingsview Village-The Westway (6),2009-11-17T00:00:00Z,2009
D52,Shooting,76,Bay Street Corridor (76),2009-11-22T00:00:00Z,2009
D41,Shooting,127,Bendale (127),2009-11-22T00:00:00Z,2009
D31,Shooting,28,Rustic (28),2009-12-03T00:00:00Z,2009
D51,Other,71,Cabbagetown-South St.James Town (71),2009-12-05T00:00:00Z,2009
D31,Shooting,21,Humber Summit (21),2009-12-06T00:00:00Z,2009
D31,Shooting,113,Weston (113),2009-12-07T00:00:00Z,2009
D31,Shooting,26,Downsview-Roding-CFB (26),2009-12-09T00:00:00Z,2009
D42,Shooting,132,Malvern (132),2010-01-07T00:00:00Z,2010
D11,Stabbing,114,Lambton Baby Point (114),2009-12-13T00:00:00Z,2009
D14,Other,78,Kensington-Chinatown (78),2010-01-24T00:00:00Z,2010
D41,Stabbing,45,Parkwoods-Donalda (45),2010-01-27T00:00:00Z,2010
D52,Other,78,Kensington-Chinatown (78),2009-12-18T00:00:00Z,2009
D11,Shooting,90,Junction Area (90),2009-12-29T00:00:00Z,2009
D51,Stabbing,73,Moss Park (73),2010-02-03T00:00:00Z,2010
D14,Stabbing,77,Waterfront Communities-The Island (77),2011-01-01T00:00:00Z,2011
D41,Shooting,119,Wexford/Maryvale (119),2011-01-05T00:00:00Z,2011
D43,Other,136,West Hill (136),2011-01-06T00:00:00Z,2011
D53,Other,95,Annex (95),2011-01-12T00:00:00Z,2011
D13,Other,102,Forest Hill North (102),2011-01-13T00:00:00Z,2011
D51,Other,75,Church-Yonge Corridor (75),2011-01-23T00:00:00Z,2011
D12,Shooting,30,Brookhaven-Amesbury (30),2010-02-07T00:00:00Z,2010
D31,Shooting,22,Humbermede (22),2011-02-01T00:00:00Z,2011
D31,Stabbing,27,York University Heights (27),2011-02-05T00:00:00Z,2011
D12,Shooting,112,Beechborough-Greenbrook (112),2011-02-11T00:00:00Z,2011
D43,Shooting,137,Woburn (137),2011-02-11T00:00:00Z,2011
D12,Shooting,113,Weston (113),2011-02-16T00:00:00Z,2011
D42,Shooting,132,Malvern (132),2011-02-26T00:00:00Z,2011
D11,Shooting,114,Lambton Baby Point (114),2011-03-02T00:00:00Z,2011
D14,Other,93,Dovercourt-Wallace Emerson-Junction (93),2011-03-03T00:00:00Z,2011
D23,Shooting,6,Kingsview Village-The Westway (6),2011-03-20T00:00:00Z,2011
D11,Other,85,South Parkdale (85),2011-03-21T00:00:00Z,2011
D41,Shooting,124,Kennedy Park (124),2011-03-28T00:00:00Z,2011
D55,Shooting,63,The Beaches (63),2011-03-28T00:00:00Z,2011
D31,Other,27,York University Heights (27),2011-04-15T00:00:00Z,2011
D54,Other,66,Danforth (66),2011-04-06T00:00:00Z,2011
D23,Shooting,1,West Humber-Clairville (1),2011-04-30T00:00:00Z,2011
D42,Shooting,46,Pleasant View (46),2011-05-26T00:00:00Z,2011
D31,Shooting,28,Rustic (28),2010-02-08T00:00:00Z,2010
D23,Shooting,1,West Humber-Clairville (1),2011-05-29T00:00:00Z,2011
D55,Other,70,South Riverdale (70),2010-02-15T00:00:00Z,2010
D43,Other,138,Eglinton East (138),2010-02-14T00:00:00Z,2010
D31,Shooting,25,Glenfield-Jane Heights (25),2011-06-16T00:00:00Z,2011
D33,Stabbing,43,Victoria Village (43),2011-07-01T00:00:00Z,2011
D43,Stabbing,139,Scarborough Village (139),2011-07-22T00:00:00Z,2011
D22,Shooting,14,Islington-City Centre West (14),2011-07-29T00:00:00Z,2011
D12,Other,115,Mount Dennis (115),2011-07-29T00:00:00Z,2011
D12,Shooting,115,Mount Dennis (115),2011-07-31T00:00:00Z,2011
D31,Stabbing,26,Downsview-Roding-CFB (26),2011-08-10T00:00:00Z,2011
D31,Shooting,26,Downsview-Roding-CFB (26),2011-08-20T00:00:00Z,2011
D32,Shooting,33,Clanton Park (33),2011-08-23T00:00:00Z,2011
D11,Shooting,114,Lambton Baby Point (114),2011-08-27T00:00:00Z,2011
D43,Other,137,Woburn (137),2011-09-11T00:00:00Z,2011
D41,Shooting,120,Clairlea-Birchmount (120),2011-09-17T00:00:00Z,2011
D14,Shooting,81,Trinity-Bellwoods (81),2011-10-02T00:00:00Z,2011
D43,Shooting,136,West Hill (136),2010-03-11T00:00:00Z,2010
D54,Shooting,43,Victoria Village (43),2011-10-09T00:00:00Z,2011
D54,Shooting,61,Taylor-Massey (61),2011-10-14T00:00:00Z,2011
D41,Other,119,Wexford/Maryvale (119),2010-03-13T00:00:00Z,2010
D31,Shooting,24,Black Creek (24),2011-10-15T00:00:00Z,2011
D22,Shooting,13,Etobicoke West Mall (13),2011-10-21T00:00:00Z,2011
D31,Shooting,26,Downsview-Roding-CFB (26),2011-10-28T00:00:00Z,2011
D11,Other,87,High Park-Swansea (87),2010-04-04T00:00:00Z,2010
D55,Shooting,70,South Riverdale (70),2011-11-29T00:00:00Z,2011
D32,Stabbing,50,Newtonbrook East (50),2011-12-02T00:00:00Z,2011
D32,Stabbing,39,Bedford Park-Nortown (39),2011-12-03T00:00:00Z,2011
D51,Other,73,Moss Park (73),2010-04-28T00:00:00Z,2010
D43,Shooting,137,Woburn (137),2011-12-30T00:00:00Z,2011
D14,Stabbing,78,Kensington-Chinatown (78),2011-12-31T00:00:00Z,2011
D51,Other,72,Regent Park (72),2011-12-26T00:00:00Z,2011
D12,Other,113,Weston (113),2011-12-02T00:00:00Z,2011
D42,Other,132,Malvern (132),2011-02-19T00:00:00Z,2011
D13,Shooting,107,Oakwood Village (107),2010-05-03T00:00:00Z,2010
D42,Stabbing,117,L'Amoreaux (117),2010-05-10T00:00:00Z,2010
D12,Shooting,110,Keelesdale-Eglinton West (110),2010-05-17T00:00:00Z,2010
D12,Other,30,Brookhaven-Amesbury (30),2010-05-31T00:00:00Z,2010
D42,Shooting,120,Clairlea-Birchmount (120),2012-01-01T00:00:00Z,2012
D14,Stabbing,82,Niagara (82),2012-01-01T00:00:00Z,2012
D53,Other,56,Leaside-Bennington (56),2012-01-01T00:00:00Z,2012
D43,Shooting,120,Clairlea-Birchmount (120),2012-01-21T00:00:00Z,2012
D42,Shooting,132,Malvern (132),2012-01-24T00:00:00Z,2012
D14,Other,93,Dovercourt-Wallace Emerson-Junction (93),2013-01-19T00:00:00Z,2013
D51,Other,75,Church-Yonge Corridor (75),2016-05-18T00:00:00Z,2016
D33,Other,47,Don Valley Village (47),2013-02-02T00:00:00Z,2013
D12,Other,113,Weston (113),2016-04-17T00:00:00Z,2016
D31,Shooting,25,Glenfield-Jane Heights (25),2013-02-11T00:00:00Z,2013
D31,Shooting,22,Humbermede (22),2016-06-03T00:00:00Z,2016
D14,Shooting,82,Niagara (82),2013-02-10T00:00:00Z,2013
D53,Shooting,104,Mount Pleasant West (104),2016-06-07T00:00:00Z,2016
D23,Shooting,2,Mount Olive-Silverstone-Jamestown (2),2013-02-17T00:00:00Z,2013
D14,Shooting,78,Kensington-Chinatown (78),2016-07-01T00:00:00Z,2016
D13,Stabbing,109,Caledonia-Fairbank (109),2013-03-04T00:00:00Z,2013
D14,Shooting,78,Kensington-Chinatown (78),2016-07-01T00:00:00Z,2016
D23,Other,4,Rexdale-Kipling (4),2013-03-06T00:00:00Z,2013
D11,Other,84,Little Portugal (84),2016-07-03T00:00:00Z,2016
D41,Other,119,Wexford/Maryvale (119),2013-03-13T00:00:00Z,2013
D31,Shooting,26,Downsview-Roding-CFB (26),2016-07-13T00:00:00Z,2016
D51,Shooting,73,Moss Park (73),2013-03-21T00:00:00Z,2013
D14,Shooting,85,South Parkdale (85),2016-09-11T00:00:00Z,2016
D51,Other,75,Church-Yonge Corridor (75),2016-07-18T00:00:00Z,2016
D14,Shooting,77,Waterfront Communities-The Island (77),2013-03-28T00:00:00Z,2013
D41,Shooting,127,Bendale (127),2016-07-28T00:00:00Z,2016
D51,Other,73,Moss Park (73),2013-07-09T00:00:00Z,2013
D51,Stabbing,75,Church-Yonge Corridor (75),2016-07-29T00:00:00Z,2016
D32,Shooting,31,Yorkdale-Glen Park (31),2013-03-30T00:00:00Z,2013
D55,Other,69,Blake-Jones (69),2016-08-09T00:00:00Z,2016
D42,Other,116,Steeles (116),2013-02-06T00:00:00Z,2013
D51,Other,73,Moss Park (73),2016-08-15T00:00:00Z,2016
D32,Other,36,Newtonbrook West (36),2013-07-13T00:00:00Z,2013
D51,Other,68,North Riverdale (68),2016-04-19T00:00:00Z,2016
D42,Other,116,Steeles (116),2013-02-06T00:00:00Z,2013
D14,Shooting,82,Niagara (82),2016-08-21T00:00:00Z,2016
D51,Other,72,Regent Park (72),2013-04-06T00:00:00Z,2013
D43,Other,139,Scarborough Village (139),2016-08-25T00:00:00Z,2016
D43,Other,139,Scarborough Village (139),2016-08-25T00:00:00Z,2016
D43,Other,139,Scarborough Village (139),2016-08-25T00:00:00Z,2016
D55,Shooting,70,South Riverdale (70),2016-08-27T00:00:00Z,2016
D31,Stabbing,27,York University Heights (27),2016-09-13T00:00:00Z,2016
D43,Stabbing,127,Bendale (127),2016-09-23T00:00:00Z,2016
D11,Other,91,Weston-Pellam Park (91),2016-09-21T00:00:00Z,2016
D23,Shooting,1,West Humber-Clairville (1),2016-09-30T00:00:00Z,2016
D51,Other,75,Church-Yonge Corridor (75),2014-01-30T00:00:00Z,2014
D12,Shooting,113,Weston (113),2016-10-16T00:00:00Z,2016
D23,Shooting,1,West Humber-Clairville (1),2016-10-18T00:00:00Z,2016
D23,Shooting,6,Kingsview Village-The Westway (6),2016-10-24T00:00:00Z,2016
D43,Shooting,137,Woburn (137),2016-10-27T00:00:00Z,2016
D14,Other,81,Trinity-Bellwoods (81),2016-11-05T00:00:00Z,2016
D33,Shooting,43,Victoria Village (43),2016-11-18T00:00:00Z,2016
D31,Shooting,24,Black Creek (24),2016-11-19T00:00:00Z,2016
D55,Shooting,70,South Riverdale (70),2016-11-27T00:00:00Z,2016
D32,Other,33,Clanton Park (33),2016-12-03T00:00:00Z,2016
D31,Stabbing,25,Glenfield-Jane Heights (25),2016-12-04T00:00:00Z,2016
D54,Shooting,58,Old East York (58),2016-12-07T00:00:00Z,2016
D43,Shooting,139,Scarborough Village (139),2016-12-14T00:00:00Z,2016
D14,Stabbing,84,Little Portugal (84),2016-12-16T00:00:00Z,2016
D12,Shooting,113,Weston (113),2016-12-17T00:00:00Z,2016
D23,Shooting,6,Kingsview Village-The Westway (6),2016-12-18T00:00:00Z,2016
D51,Stabbing,73,Moss Park (73),2016-12-24T00:00:00Z,2016
D51,Shooting,73,Moss Park (73),2017-01-08T00:00:00Z,2017
D42,Other,132,Malvern (132),2016-02-05T00:00:00Z,2016
D42,Other,132,Malvern (132),2016-02-05T00:00:00Z,2016
D42,Other,132,Malvern (132),2016-02-05T00:00:00Z,2016
D42,Other,132,Malvern (132),2016-02-05T00:00:00Z,2016
D31,Shooting,21,Humber Summit (21),2017-01-23T00:00:00Z,2017
D22,Other,17,Mimico (includes Humber Bay Shores) (17),2017-01-26T00:00:00Z,2017
D51,Shooting,73,Moss Park (73),2017-01-30T00:00:00Z,2017
D51,Shooting,72,Regent Park (72),2017-01-30T00:00:00Z,2017
D31,Shooting,25,Glenfield-Jane Heights (25),2017-02-01T00:00:00Z,2017
D54,Shooting,66,Danforth (66),2017-02-05T00:00:00Z,2017
D23,Shooting,5,Elms-Old Rexdale (5),2017-02-06T00:00:00Z,2017
D32,Other,37,Willowdale West (37),2017-02-06T00:00:00Z,2017
D54,Other,54,O'Connor-Parkview (54),2017-02-16T00:00:00Z,2017
D23,Other,1,West Humber-Clairville (1),2015-01-16T00:00:00Z,2015
D53,Shooting,55,Thorncliffe Park (55),2017-02-25T00:00:00Z,2017
D23,Shooting,1,West Humber-Clairville (1),2016-05-15T00:00:00Z,2016
D42,Shooting,131,Rouge (131),2017-03-16T00:00:00Z,2017
D54,Shooting,61,Taylor-Massey (61),2017-03-18T00:00:00Z,2017
D11,Shooting,8,Humber Heights-Westmount (8),2017-03-31T00:00:00Z,2017
D42,Shooting,117,L'Amoreaux (117),2017-04-14T00:00:00Z,2017
D55,Shooting,70,South Riverdale (70),2017-04-14T00:00:00Z,2017
D13,Shooting,108,Briar Hill-Belgravia (108),2017-04-21T00:00:00Z,2017
D55,Other,68,North Riverdale (68),2017-03-04T00:00:00Z,2017
D55,Shooting,70,South Riverdale (70),2017-05-22T00:00:00Z,2017
D12,Other,110,Keelesdale-Eglinton West (110),2017-06-07T00:00:00Z,2017
D31,Shooting,22,Humbermede (22),2017-06-11T00:00:00Z,2017
D11,Stabbing,93,Dovercourt-Wallace Emerson-Junction (93),2017-06-23T00:00:00Z,2017
D51,Shooting,72,Regent Park (72),2017-07-02T00:00:00Z,2017
D42,Shooting,131,Rouge (131),2017-07-23T00:00:00Z,2017
D42,Shooting,131,Rouge (131),2017-07-23T00:00:00Z,2017
D42,Shooting,132,Malvern (132),2017-07-23T00:00:00Z,2017
D32,Shooting,31,Yorkdale-Glen Park (31),2017-07-30T00:00:00Z,2017
D51,Shooting,73,Moss Park (73),2017-07-31T00:00:00Z,2017
D13,Shooting,106,Humewood-Cedarvale (106),2017-08-01T00:00:00Z,2017
D54,Stabbing,57,Broadview North (57),2017-07-31T00:00:00Z,2017
D31,Stabbing,25,Glenfield-Jane Heights (25),2017-08-17T00:00:00Z,2017
D55,Other,70,South Riverdale (70),2017-05-22T00:00:00Z,2017
D14,Shooting,78,Kensington-Chinatown (78),2017-08-20T00:00:00Z,2017
D31,Stabbing,25,Glenfield-Jane Heights (25),2017-08-22T00:00:00Z,2017
D31,Shooting,26,Downsview-Roding-CFB (26),2017-08-31T00:00:00Z,2017
D23,Shooting,5,Elms-Old Rexdale (5),2017-09-02T00:00:00Z,2017
D43,Stabbing,138,Eglinton East (138),2017-09-06T00:00:00Z,2017
D33,Stabbing,53,Henry Farm (53),2017-09-13T00:00:00Z,2017
D41,Shooting,126,Dorset Park (126),2017-09-14T00:00:00Z,2017
D51,Shooting,72,Regent Park (72),2017-09-16T00:00:00Z,2017
D52,Shooting,77,Waterfront Communities-The Island (77),2017-09-16T00:00:00Z,2017
D41,Stabbing,122,Birchcliffe-Cliffside (122),2017-09-10T00:00:00Z,2017
D31,Shooting,26,Downsview-Roding-CFB (26),2017-09-29T00:00:00Z,2017
D51,Shooting,70,South Riverdale (70),2017-10-01T00:00:00Z,2017
D51,Shooting,70,South Riverdale (70),2017-10-01T00:00:00Z,2017
D23,Shooting,6,Kingsview Village-The Westway (6),2017-10-05T00:00:00Z,2017
D23,Other,4,Rexdale-Kipling (4),2017-10-04T00:00:00Z,2017
D54,Stabbing,60,Woodbine-Lumsden (60),2017-10-07T00:00:00Z,2017
D23,Shooting,6,Kingsview Village-The Westway (6),2017-10-08T00:00:00Z,2017
D31,Shooting,21,Humber Summit (21),2017-10-14T00:00:00Z,2017
D53,Stabbing,55,Thorncliffe Park (55),2017-10-20T00:00:00Z,2017
D14,Other,93,Dovercourt-Wallace Emerson-Junction (93),2017-10-13T00:00:00Z,2017
D54,Stabbing,54,O'Connor-Parkview (54),2017-10-28T00:00:00Z,2017
D14,Other,82,Niagara (82),2013-07-14T00:00:00Z,2013
D42,Shooting,132,Malvern (132),2013-04-25T00:00:00Z,2013
D22,Stabbing,11,Eringate-Centennial-West Deane (11),2013-07-15T00:00:00Z,2013
D32,Stabbing,38,Lansing-Westgate (38),2013-04-25T00:00:00Z,2013
D31,Other,25,Glenfield-Jane Heights (25),2013-04-29T00:00:00Z,2013
D41,Stabbing,122,Birchcliffe-Cliffside (122),2013-04-30T00:00:00Z,2013
D22,Stabbing,11,Eringate-Centennial-West Deane (11),2013-07-15T00:00:00Z,2013
D22,Stabbing,11,Eringate-Centennial-West Deane (11),2013-07-15T00:00:00Z,2013
D14,Shooting,81,Trinity-Bellwoods (81),2013-05-19T00:00:00Z,2013
D54,Other,54,O'Connor-Parkview (54),2013-05-16T00:00:00Z,2013
D42,Shooting,131,Rouge (131),2013-05-29T00:00:00Z,2013
D42,Other,129,Agincourt North (129),2013-06-03T00:00:00Z,2013
D11,Shooting,87,High Park-Swansea (87),2013-08-05T00:00:00Z,2013
D54,Stabbing,57,Broadview North (57),2013-06-27T00:00:00Z,2013
D23,Shooting,5,Elms-Old Rexdale (5),2013-08-12T00:00:00Z,2013
D31,Shooting,25,Glenfield-Jane Heights (25),2013-07-28T00:00:00Z,2013
D31,Shooting,25,Glenfield-Jane Heights (25),2013-08-23T00:00:00Z,2013
D41,Other,119,Wexford/Maryvale (119),2014-01-14T00:00:00Z,2014
D31,Shooting,25,Glenfield-Jane Heights (25),2013-08-23T00:00:00Z,2013
D23,Shooting,8,Humber Heights-Westmount (8),2014-01-29T00:00:00Z,2014
D43,Other,137,Woburn (137),2014-01-29T00:00:00Z,2014
D54,Stabbing,54,O'Connor-Parkview (54),2014-02-02T00:00:00Z,2014
D41,Other,119,Wexford/Maryvale (119),2014-02-03T00:00:00Z,2014
D32,Shooting,105,Lawrence Park North (105),2014-02-04T00:00:00Z,2014
D22,Shooting,20,Alderwood (20),2014-02-09T00:00:00Z,2014
D23,Stabbing,2,Mount Olive-Silverstone-Jamestown (2),2014-02-12T00:00:00Z,2014
D54,Shooting,44,Flemingdon Park (44),2014-03-08T00:00:00Z,2014
D22,Stabbing,14,Islington-City Centre West (14),2014-03-09T00:00:00Z,2014
D12,Shooting,113,Weston (113),2013-09-03T00:00:00Z,2013
D33,Stabbing,48,Hillcrest Village (48),2013-09-12T00:00:00Z,2013
D54,Stabbing,65,Greenwood-Coxwell (65),2013-09-14T00:00:00Z,2013
D23,Shooting,7,Willowridge-Martingrove-Richview (7),2013-09-17T00:00:00Z,2013
D55,Other,65,Greenwood-Coxwell (65),2014-03-12T00:00:00Z,2014
D43,Stabbing,137,Woburn (137),2014-03-15T00:00:00Z,2014
D12,Stabbing,110,Keelesdale-Eglinton West (110),2013-09-20T00:00:00Z,2013
D55,Stabbing,70,South Riverdale (70),2014-03-15T00:00:00Z,2014
D55,Shooting,62,East End-Danforth (62),2014-03-19T00:00:00Z,2014
D55,Shooting,62,East End-Danforth (62),2014-03-19T00:00:00Z,2014
D11,Shooting,91,Weston-Pellam Park (91),2014-03-25T00:00:00Z,2014
D51,Shooting,71,Cabbagetown-South St.James Town (71),2014-04-04T00:00:00Z,2014
D42,Shooting,131,Rouge (131),2014-04-12T00:00:00Z,2014
D12,Stabbing,113,Weston (113),2013-10-13T00:00:00Z,2013
D13,Shooting,108,Briar Hill-Belgravia (108),2014-05-02T00:00:00Z,2014
D55,Shooting,65,Greenwood-Coxwell (65),2014-05-24T00:00:00Z,2014
D42,Other,130,Milliken (130),2014-06-10T00:00:00Z,2014
D51,Shooting,73,Moss Park (73),2014-07-06T00:00:00Z,2014
D32,Shooting,31,Yorkdale-Glen Park (31),2014-07-08T00:00:00Z,2014
D33,Other,46,Pleasant View (46),2014-07-15T00:00:00Z,2014
D22,Stabbing,13,Etobicoke West Mall (13),2014-08-09T00:00:00Z,2014
D12,Shooting,111,Rockcliffe-Smythe (111),2014-08-18T00:00:00Z,2014
D14,Shooting,77,Waterfront Communities-The Island (77),2014-08-26T00:00:00Z,2014
D14,Other,80,Palmerston-Little Italy (80),2014-08-30T00:00:00Z,2014
D51,Other,71,Cabbagetown-South St.James Town (71),2014-01-03T00:00:00Z,2014
D51,Other,71,Cabbagetown-South St.James Town (71),2014-09-05T00:00:00Z,2014
D54,Stabbing,62,East End-Danforth (62),2014-09-08T00:00:00Z,2014
D12,Shooting,113,Weston (113),2014-09-08T00:00:00Z,2014
D32,Shooting,40,St.Andrew-Windfields (40),2014-09-11T00:00:00Z,2014
D22,Other,14,Islington-City Centre West (14),2014-09-11T00:00:00Z,2014
D43,Shooting,137,Woburn (137),2014-09-14T00:00:00Z,2014
D33,Other,47,Don Valley Village (47),2014-09-14T00:00:00Z,2014
D31,Shooting,27,York University Heights (27),2014-09-17T00:00:00Z,2014
D23,Stabbing,2,Mount Olive-Silverstone-Jamestown (2),2014-09-23T00:00:00Z,2014
D54,Stabbing,65,Greenwood-Coxwell (65),2014-09-27T00:00:00Z,2014
D43,Shooting,139,Scarborough Village (139),2014-09-29T00:00:00Z,2014
D13,Stabbing,107,Oakwood Village (107),2014-09-30T00:00:00Z,2014
D12,Shooting,90,Junction Area (90),2014-10-05T00:00:00Z,2014
D23,Shooting,6,Kingsview Village-The Westway (6),2014-10-06T00:00:00Z,2014
D23,Shooting,6,Kingsview Village-The Westway (6),2014-10-06T00:00:00Z,2014
D51,Shooting,72,Regent Park (72),2014-10-06T00:00:00Z,2014
D33,Other,47,Don Valley Village (47),2014-10-13T00:00:00Z,2014
D11,Other,93,Dovercourt-Wallace Emerson-Junction (93),2014-10-15T00:00:00Z,2014
D31,Shooting,26,Downsview-Roding-CFB (26),2014-10-30T00:00:00Z,2014
D12,Shooting,110,Keelesdale-Eglinton West (110),2014-11-06T00:00:00Z,2014
D51,Shooting,73,Moss Park (73),2013-09-23T00:00:00Z,2013
D12,Other,111,Rockcliffe-Smythe (111),2013-05-24T00:00:00Z,2013
D52,Stabbing,76,Bay Street Corridor (76),2013-10-06T00:00:00Z,2013
D52,Other,78,Kensington-Chinatown (78),2013-10-20T00:00:00Z,2013
D51,Other,72,Regent Park (72),2013-11-01T00:00:00Z,2013
D13,Other,94,Wychwood (94),2013-11-09T00:00:00Z,2013
D55,Shooting,63,The Beaches (63),2013-11-10T00:00:00Z,2013
D32,Stabbing,105,Lawrence Park North (105),2013-11-25T00:00:00Z,2013
D12,Other,23,Pelmo Park-Humberlea (23),2013-12-26T00:00:00Z,2013
D42,Other,130,Milliken (130),2013-12-27T00:00:00Z,2013
D32,Other,33,Clanton Park (33),2013-07-04T00:00:00Z,2013
D31,Other,26,Downsview-Roding-CFB (26),2010-05-29T00:00:00Z,2010
D43,Shooting,138,Eglinton East (138),2008-02-01T00:00:00Z,2008
D52,Shooting,77,Waterfront Communities-The Island (77),2006-10-27T00:00:00Z,2006
D11,Shooting,83,Dufferin Grove (83),2012-01-27T00:00:00Z,2012
D32,Shooting,38,Lansing-Westgate (38),2012-02-20T00:00:00Z,2012
D32,Shooting,38,Lansing-Westgate (38),2012-02-20T00:00:00Z,2012
D42,Other,117,L'Amoreaux (117),2012-02-29T00:00:00Z,2012
D32,Other,51,Willowdale East (51),2012-03-11T00:00:00Z,2012
D13,Stabbing,96,Casa Loma (96),2010-06-12T00:00:00Z,2010
D22,Stabbing,15,Kingsway South (15),2012-03-23T00:00:00Z,2012
D14,Other,93,Dovercourt-Wallace Emerson-Junction (93),2010-05-08T00:00:00Z,2010
D11,Stabbing,87,High Park-Swansea (87),2010-05-29T00:00:00Z,2010
D22,Other,18,New Toronto (18),2010-06-12T00:00:00Z,2010
D23,Stabbing,7,Willowridge-Martingrove-Richview (7),2010-06-29T00:00:00Z,2010
D12,Stabbing,111,Rockcliffe-Smythe (111),2010-06-30T00:00:00Z,2010
D31,Shooting,26,Downsview-Roding-CFB (26),2010-07-02T00:00:00Z,2010
D53,Stabbing,95,Annex (95),2010-07-02T00:00:00Z,2010
D12,Shooting,111,Rockcliffe-Smythe (111),2012-04-12T00:00:00Z,2012
D41,Stabbing,43,Victoria Village (43),2012-04-15T00:00:00Z,2012
D11,Other,88,High Park North (88),2012-04-16T00:00:00Z,2012
D32,Shooting,32,Englemount-Lawrence (32),2012-05-04T00:00:00Z,2012
D53,Shooting,100,Yonge-Eglinton (100),2012-05-09T00:00:00Z,2012
D41,Other,121,Oakridge (121),2012-05-07T00:00:00Z,2012
D11,Shooting,114,Lambton Baby Point (114),2012-05-10T00:00:00Z,2012
D51,Other,73,Moss Park (73),2012-05-14T00:00:00Z,2012
D43,Shooting,133,Centennial Scarborough (133),2012-05-31T00:00:00Z,2012
D52,Shooting,76,Bay Street Corridor (76),2012-06-02T00:00:00Z,2012
D52,Shooting,76,Bay Street Corridor (76),2012-06-02T00:00:00Z,2012
D14,Shooting,81,Trinity-Bellwoods (81),2012-06-18T00:00:00Z,2012
D41,Shooting,126,Dorset Park (126),2012-06-22T00:00:00Z,2012
D32,Shooting,51,Willowdale East (51),2012-06-23T00:00:00Z,2012
D22,Shooting,14,Islington-City Centre West (14),2012-07-05T00:00:00Z,2012
D43,Shooting,136,West Hill (136),2012-07-16T00:00:00Z,2012
D43,Shooting,136,West Hill (136),2012-07-16T00:00:00Z,2012
D12,Shooting,111,Rockcliffe-Smythe (111),2012-07-17T00:00:00Z,2012
D32,Shooting,32,Englemount-Lawrence (32),2012-07-19T00:00:00Z,2012
D42,Other,127,Bendale (127),2012-07-22T00:00:00Z,2012
D31,Shooting,24,Black Creek (24),2012-08-01T00:00:00Z,2012
D42,Other,132,Malvern (132),2012-08-07T00:00:00Z,2012
D55,Other,120,Clairlea-Birchmount (120),2012-08-24T00:00:00Z,2012
D42,Shooting,132,Malvern (132),2012-09-08T00:00:00Z,2012
D55,Shooting,63,The Beaches (63),2012-09-08T00:00:00Z,2012
D23,Shooting,25,Glenfield-Jane Heights (25),2012-09-16T00:00:00Z,2012
D13,Other,108,Briar Hill-Belgravia (108),2012-09-15T00:00:00Z,2012
D23,Shooting,2,Mount Olive-Silverstone-Jamestown (2),2012-09-18T00:00:00Z,2012
D23,Shooting,2,Mount Olive-Silverstone-Jamestown (2),2012-09-18T00:00:00Z,2012
D31,Shooting,24,Black Creek (24),2012-10-11T00:00:00Z,2012
D43,Other,137,Woburn (137),2012-10-17T00:00:00Z,2012
D51,Stabbing,71,Cabbagetown-South St.James Town (71),2012-10-23T00:00:00Z,2012
D43,Shooting,135,Morningside (135),2012-10-28T00:00:00Z,2012
D32,Shooting,31,Yorkdale-Glen Park (31),2012-10-29T00:00:00Z,2012
D14,Stabbing,85,South Parkdale (85),2012-10-29T00:00:00Z,2012
D12,Shooting,115,Mount Dennis (115),2012-10-30T00:00:00Z,2012
D14,Shooting,78,Kensington-Chinatown (78),2012-11-11T00:00:00Z,2012
D23,Other,2,Mount Olive-Silverstone-Jamestown (2),2012-11-12T00:00:00Z,2012
D55,Other,64,Woodbine Corridor (64),2012-11-14T00:00:00Z,2012
D54,Stabbing,42,Banbury-Don Mills (42),2012-11-17T00:00:00Z,2012
D31,Shooting,26,Downsview-Roding-CFB (26),2012-12-02T00:00:00Z,2012
D53,Other,67,Playter Estates-Danforth (67),2012-07-02T00:00:00Z,2012
D51,Stabbing,71,Cabbagetown-South St.James Town (71),2012-12-20T00:00:00Z,2012
D22,Other,12,Markland Wood (12),2012-07-03T00:00:00Z,2012
D22,Shooting,12,Markland Wood (12),2012-11-29T00:00:00Z,2012
D41,Shooting,126,Dorset Park (126),2010-07-06T00:00:00Z,2010
D52,Shooting,78,Kensington-Chinatown (78),2010-07-10T00:00:00Z,2010
D41,Stabbing,127,Bendale (127),2010-07-14T00:00:00Z,2010
D54,Shooting,44,Flemingdon Park (44),2010-07-13T00:00:00Z,2010
D42,Shooting,128,Agincourt South-Malvern West (128),2010-07-16T00:00:00Z,2010
D31,Shooting,25,Glenfield-Jane Heights (25),2010-07-30T00:00:00Z,2010
D23,Shooting,1,West Humber-Clairville (1),2010-07-30T00:00:00Z,2010
D54,Stabbing,44,Flemingdon Park (44),2010-07-31T00:00:00Z,2010
D22,Shooting,14,Islington-City Centre West (14),2010-08-14T00:00:00Z,2010
D51,Shooting,74,North St.James Town (74),2010-08-14T00:00:00Z,2010
D32,Shooting,32,Englemount-Lawrence (32),2010-08-24T00:00:00Z,2010
D14,Stabbing,83,Dufferin Grove (83),2010-08-27T00:00:00Z,2010
D43,Shooting,137,Woburn (137),2010-09-10T00:00:00Z,2010
D31,Shooting,24,Black Creek (24),2010-09-12T00:00:00Z,2010
D23,Stabbing,8,Humber Heights-Westmount (8),2010-09-25T00:00:00Z,2010
D51,Other,90,Junction Area (90),2010-08-29T00:00:00Z,2010
D12,Shooting,113,Weston (113),2010-09-29T00:00:00Z,2010
D12,Shooting,113,Weston (113),2010-09-29T00:00:00Z,2010
D14,Shooting,85,South Parkdale (85),2010-10-04T00:00:00Z,2010
D41,Other,43,Victoria Village (43),2010-07-09T00:00:00Z,2010
D31,Shooting,24,Black Creek (24),2010-10-04T00:00:00Z,2010
D51,Shooting,72,Regent Park (72),2010-10-09T00:00:00Z,2010
D51,Shooting,72,Regent Park (72),2010-10-09T00:00:00Z,2010
D41,Shooting,121,Oakridge (121),2010-10-17T00:00:00Z,2010
D51,Shooting,72,Regent Park (72),2010-10-25T00:00:00Z,2010
D55,Stabbing,70,South Riverdale (70),2010-10-27T00:00:00Z,2010
D32,Shooting,37,Willowdale West (37),2010-11-17T00:00:00Z,2010
D33,Shooting,47,Don Valley Village (47),2010-11-20T00:00:00Z,2010
D31,Shooting,25,Glenfield-Jane Heights (25),2010-11-22T00:00:00Z,2010
D43,Shooting,137,Woburn (137),2010-11-24T00:00:00Z,2010
D52,Other,77,Waterfront Communities-The Island (77),2010-11-27T00:00:00Z,2010
D51,Shooting,72,Regent Park (72),2010-11-29T00:00:00Z,2010
D55,Other,62,East End-Danforth (62),2010-12-02T00:00:00Z,2010
D12,Shooting,111,Rockcliffe-Smythe (111),2010-12-25T00:00:00Z,2010
D51,Other,71,Cabbagetown-South St.James Town (71),2010-08-08T00:00:00Z,2010
D12,Other,30,Brookhaven-Amesbury (30),2010-09-12T00:00:00Z,2010
D43,Other,137,Woburn (137),2010-05-25T00:00:00Z,2010
D31,Stabbing,27,York University Heights (27),2013-01-01T00:00:00Z,2013
D51,Shooting,72,Regent Park (72),2013-01-18T00:00:00Z,2013
D23,Other,7,Willowridge-Martingrove-Richview (7),2013-01-19T00:00:00Z,2013
D52,Shooting,76,Bay Street Corridor (76),2005-07-31T00:00:00Z,2005
D23,Shooting,2,Mount Olive-Silverstone-Jamestown (2),2005-08-03T00:00:00Z,2005
D42,Shooting,132,Malvern (132),2008-02-17T00:00:00Z,2008
D43,Shooting,137,Woburn (137),2008-02-22T00:00:00Z,2008
D42,Shooting,117,L'Amoreaux (117),2005-08-05T00:00:00Z,2005
D14,Other,81,Trinity-Bellwoods (81),2008-02-23T00:00:00Z,2008
D51,Shooting,71,Cabbagetown-South St.James Town (71),2005-08-07T00:00:00Z,2005
D32,Other,33,Clanton Park (33),2008-02-28T00:00:00Z,2008
D51,Shooting,71,Cabbagetown-South St.James Town (71),2005-08-07T00:00:00Z,2005
D32,Shooting,31,Yorkdale-Glen Park (31),2008-03-14T00:00:00Z,2008
D23,Shooting,8,Humber Heights-Westmount (8),2005-08-13T00:00:00Z,2005
D22,Stabbing,13,Etobicoke West Mall (13),2008-03-18T00:00:00Z,2008
D51,Shooting,74,North St.James Town (74),2005-08-15T00:00:00Z,2005
D55,Shooting,70,South Riverdale (70),2008-03-18T00:00:00Z,2008
D54,Shooting,44,Flemingdon Park (44),2005-08-16T00:00:00Z,2005
D14,Stabbing,93,Dovercourt-Wallace Emerson-Junction (93),2008-04-17T00:00:00Z,2008
D41,Other,127,Bendale (127),2005-08-18T00:00:00Z,2005
D43,Stabbing,139,Scarborough Village (139),2008-05-04T00:00:00Z,2008
D22,Other,18,New Toronto (18),2005-08-20T00:00:00Z,2005
D12,Stabbing,90,Junction Area (90),2008-04-30T00:00:00Z,2008
D42,Shooting,139,Scarborough Village (139),2005-08-25T00:00:00Z,2005
D43,Other,139,Scarborough Village (139),2008-05-04T00:00:00Z,2008
D31,Shooting,25,Glenfield-Jane Heights (25),2005-08-30T00:00:00Z,2005
D33,Stabbing,42,Banbury-Don Mills (42),2008-05-17T00:00:00Z,2008
D51,Other,73,Moss Park (73),2005-08-31T00:00:00Z,2005
D33,Other,42,Banbury-Don Mills (42),2008-05-17T00:00:00Z,2008
D33,Stabbing,42,Banbury-Don Mills (42),2005-09-06T00:00:00Z,2005
D42,Shooting,132,Malvern (132),2008-05-28T00:00:00Z,2008
D31,Shooting,28,Rustic (28),2005-09-08T00:00:00Z,2005
D42,Shooting,118,Tam O'Shanter-Sullivan (118),2008-05-28T00:00:00Z,2008
D14,Shooting,82,Niagara (82),2005-09-09T00:00:00Z,2005
D54,Shooting,43,Victoria Village (43),2008-05-30T00:00:00Z,2008
D31,Shooting,24,Black Creek (24),2005-09-10T00:00:00Z,2005
D55,Shooting,62,East End-Danforth (62),2008-02-25T00:00:00Z,2008
D31,Shooting,25,Glenfield-Jane Heights (25),2005-09-13T00:00:00Z,2005
D14,Shooting,82,Niagara (82),2008-06-13T00:00:00Z,2008
D14,Shooting,85,South Parkdale (85),2005-09-16T00:00:00Z,2005
D14,Shooting,82,Niagara (82),2008-06-13T00:00:00Z,2008
D23,Shooting,5,Elms-Old Rexdale (5),2005-09-16T00:00:00Z,2005
D23,Shooting,5,Elms-Old Rexdale (5),2005-09-16T00:00:00Z,2005
D23,Shooting,5,Elms-Old Rexdale (5),2005-09-16T00:00:00Z,2005
D54,Other,58,Old East York (58),2005-09-22T00:00:00Z,2005
D42,Stabbing,136,West Hill (136),2005-10-01T00:00:00Z,2005
D23,Shooting,2,Mount Olive-Silverstone-Jamestown (2),2005-10-22T00:00:00Z,2005
D23,Shooting,1,West Humber-Clairville (1),2005-10-23T00:00:00Z,2005
D23,Shooting,1,West Humber-Clairville (1),2005-10-23T00:00:00Z,2005
D42,Shooting,117,L'Amoreaux (117),2005-11-01T01:00:00Z,2005
D13,Shooting,107,Oakwood Village (107),2005-11-09T00:00:00Z,2005
D32,Stabbing,51,Willowdale East (51),2005-11-12T00:00:00Z,2005
D12,Shooting,91,Weston-Pellam Park (91),2005-11-14T00:00:00Z,2005
D23,Shooting,1,West Humber-Clairville (1),2005-11-18T00:00:00Z,2005
D54,Other,54,O'Connor-Parkview (54),2005-11-02T01:00:00Z,2005
D41,Stabbing,126,Dorset Park (126),2005-11-26T00:00:00Z,2005
D11,Shooting,93,Dovercourt-Wallace Emerson-Junction (93),2005-11-29T00:00:00Z,2005
D31,Other,24,Black Creek (24),2005-01-26T00:00:00Z,2005
D31,Shooting,21,Humber Summit (21),2005-12-01T00:00:00Z,2005
D14,Other,85,South Parkdale (85),2005-11-05T01:00:00Z,2005
D53,Other,102,Forest Hill North (102),2005-12-16T00:00:00Z,2005
D31,Shooting,25,Glenfield-Jane Heights (25),2005-12-23T00:00:00Z,2005
D52,Shooting,64,Woodbine Corridor (64),2005-12-26T00:00:00Z,2005
D32,Stabbing,33,Clanton Park (33),2005-09-19T00:00:00Z,2005
D42,Other,116,Steeles (116),2005-01-24T00:00:00Z,2005
D13,Shooting,108,Briar Hill-Belgravia (108),2006-01-01T00:00:00Z,2006
D32,Other,39,Bedford Park-Nortown (39),2006-01-26T00:00:00Z,2006
D31,Shooting,25,Glenfield-Jane Heights (25),2006-02-06T00:00:00Z,2006
D42,Stabbing,117,L'Amoreaux (117),2006-02-09T00:00:00Z,2006
D42,Stabbing,117,L'Amoreaux (117),2006-02-09T00:00:00Z,2006
D42,Stabbing,117,L'Amoreaux (117),2006-02-09T00:00:00Z,2006
D54,Stabbing,44,Flemingdon Park (44),2006-02-08T00:00:00Z,2006
D54,Other,61,Taylor-Massey (61),2006-03-02T00:00:00Z,2006
D43,Other,134,Highland Creek (134),2006-03-04T00:00:00Z,2006
D31,Shooting,22,Humbermede (22),2006-03-12T00:00:00Z,2006
D43,Shooting,139,Scarborough Village (139),2006-03-14T01:00:00Z,2006
D51,Shooting,71,Cabbagetown-South St.James Town (71),2006-03-20T01:00:00Z,2006
D12,Shooting,115,Mount Dennis (115),2006-03-27T01:00:00Z,2006
D31,Shooting,25,Glenfield-Jane Heights (25),2006-03-27T01:00:00Z,2006
D31,Other,22,Humbermede (22),2006-04-07T00:00:00Z,2006
D31,Stabbing,26,Downsview-Roding-CFB (26),2006-04-20T00:00:00Z,2006
D33,Stabbing,47,Don Valley Village (47),2006-04-26T00:00:00Z,2006
D54,Shooting,44,Flemingdon Park (44),2006-04-29T00:00:00Z,2006
D22,Stabbing,18,New Toronto (18),2006-04-29T00:00:00Z,2006
D54,Stabbing,65,Greenwood-Coxwell (65),2006-05-02T00:00:00Z,2006
D52,Stabbing,78,Kensington-Chinatown (78),2006-05-15T00:00:00Z,2006
D54,Other,61,Taylor-Massey (61),2006-05-17T00:00:00Z,2006
D54,Stabbing,54,O'Connor-Parkview (54),2006-11-05T01:00:00Z,2006
D13,Other,106,Humewood-Cedarvale (106),2006-05-26T00:00:00Z,2006
D43,Shooting,137,Woburn (137),2006-05-28T00:00:00Z,2006
D12,Shooting,113,Weston (113),2006-06-03T00:00:00Z,2006
D31,Stabbing,26,Downsview-Roding-CFB (26),2006-06-03T00:00:00Z,2006
D31,Shooting,28,Rustic (28),2006-06-12T00:00:00Z,2006
D12,Stabbing,115,Mount Dennis (115),2006-06-13T00:00:00Z,2006
D31,Stabbing,26,Downsview-Roding-CFB (26),2006-06-22T00:00:00Z,2006
D42,Shooting,132,Malvern (132),2006-06-23T00:00:00Z,2006
D51,Other,75,Church-Yonge Corridor (75),2006-06-23T00:00:00Z,2006
D51,Shooting,77,Waterfront Communities-The Island (77),2006-06-26T00:00:00Z,2006
D12,Shooting,90,Junction Area (90),2006-07-02T00:00:00Z,2006
D22,Shooting,20,Alderwood (20),2006-07-05T00:00:00Z,2006
D51,Shooting,75,Church-Yonge Corridor (75),2006-07-11T00:00:00Z,2006
D42,Shooting,131,Rouge (131),2006-07-12T00:00:00Z,2006
D12,Shooting,115,Mount Dennis (115),2006-07-12T00:00:00Z,2006
D23,Stabbing,1,West Humber-Clairville (1),2006-07-14T00:00:00Z,2006
D54,Stabbing,54,O'Connor-Parkview (54),2006-07-15T00:00:00Z,2006
D52,Shooting,54,O'Connor-Parkview (54),2006-07-17T00:00:00Z,2006
D54,Other,66,Danforth (66),2006-06-02T00:00:00Z,2006
D42,Other,132,Malvern (132),2006-07-27T00:00:00Z,2006
D11,Other,85,South Parkdale (85),2006-08-05T00:00:00Z,2006
D52,Stabbing,76,Bay Street Corridor (76),2006-09-11T00:00:00Z,2006
D52,Stabbing,76,Bay Street Corridor (76),2006-09-11T00:00:00Z,2006
D42,Shooting,117,L'Amoreaux (117),2006-09-14T00:00:00Z,2006
D43,Other,137,Woburn (137),2006-09-17T00:00:00Z,2006
D14,Shooting,85,South Parkdale (85),2006-09-17T00:00:00Z,2006
D42,Stabbing,116,Steeles (116),2006-09-17T00:00:00Z,2006
D41,Other,122,Birchcliffe-Cliffside (122),2006-09-21T00:00:00Z,2006
D51,Other,75,Church-Yonge Corridor (75),2006-09-22T00:00:00Z,2006
D31,Shooting,21,Humber Summit (21),2006-09-25T00:00:00Z,2006
D54,Shooting,43,Victoria Village (43),2006-10-09T00:00:00Z,2006
D41,Other,119,Wexford/Maryvale (119),2006-10-17T00:00:00Z,2006
D43,Stabbing,135,Morningside (135),2006-10-21T00:00:00Z,2006
D22,Other,16,Stonegate-Queensway (16),2006-10-27T00:00:00Z,2006
D51,Stabbing,71,Cabbagetown-South St.James Town (71),2006-10-11T00:00:00Z,2006
D12,Shooting,111,Rockcliffe-Smythe (111),2008-06-15T00:00:00Z,2008
D54,Stabbing,54,O'Connor-Parkview (54),2006-11-05T01:00:00Z,2006
D41,Other,120,Clairlea-Birchmount (120),2008-06-23T00:00:00Z,2008
D42,Shooting,132,Malvern (132),2006-11-14T00:00:00Z,2006
D54,Other,54,O'Connor-Parkview (54),2008-06-22T00:00:00Z,2008
D11,Other,114,Lambton Baby Point (114),2006-11-25T00:00:00Z,2006
D41,Shooting,119,Wexford/Maryvale (119),2008-07-09T00:00:00Z,2008
D14,Shooting,77,Waterfront Communities-The Island (77),2006-12-03T00:00:00Z,2006
D53,Stabbing,97,Yonge-St.Clair (97),2008-07-14T00:00:00Z,2008
D42,Other,132,Malvern (132),2006-12-03T00:00:00Z,2006
D43,Shooting,135,Morningside (135),2008-07-17T00:00:00Z,2008
D12,Stabbing,113,Weston (113),2017-11-14T00:00:00Z,2017
D51,Other,72,Regent Park (72),2006-12-20T00:00:00Z,2006
D14,Shooting,85,South Parkdale (85),2006-12-25T00:00:00Z,2006
D23,Stabbing,1,West Humber-Clairville (1),2006-12-26T00:00:00Z,2006
D31,Shooting,24,Black Creek (24),2006-12-27T00:00:00Z,2006
D22,Other,14,Islington-City Centre West (14),2006-10-06T00:00:00Z,2006
D42,Shooting,132,Malvern (132),2007-01-01T00:00:00Z,2007
D54,Shooting,44,Flemingdon Park (44),2007-01-11T00:00:00Z,2007
D12,Other,113,Weston (113),2007-01-11T00:00:00Z,2007
D42,Shooting,128,Agincourt South-Malvern West (128),2007-01-14T00:00:00Z,2007
D12,Stabbing,111,Rockcliffe-Smythe (111),2007-01-20T00:00:00Z,2007
D43,Shooting,123,Cliffcrest (123),2007-02-04T00:00:00Z,2007
D31,Stabbing,26,Downsview-Roding-CFB (26),2007-02-14T00:00:00Z,2007
D41,Stabbing,120,Clairlea-Birchmount (120),2007-03-09T00:00:00Z,2007
D31,Shooting,22,Humbermede (22),2007-03-15T00:00:00Z,2007
D13,Shooting,107,Oakwood Village (107),2007-03-17T00:00:00Z,2007
D32,Other,51,Willowdale East (51),2007-03-28T00:00:00Z,2007
D31,Stabbing,25,Glenfield-Jane Heights (25),2007-04-02T00:00:00Z,2007
D51,Shooting,71,Cabbagetown-South St.James Town (71),2007-04-04T00:00:00Z,2007
D22,Shooting,2,Mount Olive-Silverstone-Jamestown (2),2007-04-05T00:00:00Z,2007
D43,Other,137,Woburn (137),2007-04-06T00:00:00Z,2007
D32,Stabbing,33,Clanton Park (33),2007-04-09T00:00:00Z,2007
D43,Shooting,70,South Riverdale (70),2007-04-12T00:00:00Z,2007
D41,Stabbing,124,Kennedy Park (124),2007-04-13T00:00:00Z,2007
D31,Shooting,26,Downsview-Roding-CFB (26),2007-04-21T00:00:00Z,2007
D54,Stabbing,68,North Riverdale (68),2007-04-22T00:00:00Z,2007
D51,Other,76,Bay Street Corridor (76),2007-04-29T00:00:00Z,2007
D42,Shooting,131,Rouge (131),2007-05-09T00:00:00Z,2007
D23,Other,5,Elms-Old Rexdale (5),2007-05-14T00:00:00Z,2007
D53,Shooting,99,Mount Pleasant East (99),2007-05-18T00:00:00Z,2007
D31,Shooting,22,Humbermede (22),2007-05-21T00:00:00Z,2007
D31,Shooting,42,Banbury-Don Mills (42),2007-05-23T00:00:00Z,2007
D14,Shooting,78,Kensington-Chinatown (78),2007-05-20T00:00:00Z,2007
D55,Other,77,Waterfront Communities-The Island (77),2007-05-26T00:00:00Z,2007
D33,Stabbing,45,Parkwoods-Donalda (45),2007-06-05T00:00:00Z,2007
D23,Shooting,2,Mount Olive-Silverstone-Jamestown (2),2007-06-09T00:00:00Z,2007
D14,Other,78,Kensington-Chinatown (78),2007-05-30T00:00:00Z,2007
D13,Other,109,Caledonia-Fairbank (109),2007-06-17T00:00:00Z,2007
D43,Other,135,Morningside (135),2007-05-08T00:00:00Z,2007
D42,Stabbing,131,Rouge (131),2007-06-25T00:00:00Z,2007
D51,Stabbing,73,Moss Park (73),2007-06-29T00:00:00Z,2007
D42,Shooting,131,Rouge (131),2007-07-04T00:00:00Z,2007
D43,Stabbing,136,West Hill (136),2007-07-07T00:00:00Z,2007
D32,Shooting,31,Yorkdale-Glen Park (31),2007-07-03T00:00:00Z,2007
D43,Stabbing,137,Woburn (137),2007-07-17T00:00:00Z,2007
D13,Shooting,107,Oakwood Village (107),2007-07-21T00:00:00Z,2007
D31,Shooting,25,Glenfield-Jane Heights (25),2007-07-22T00:00:00Z,2007
D51,Shooting,74,North St.James Town (74),2007-07-22T00:00:00Z,2007
D52,Shooting,77,Waterfront Communities-The Island (77),2007-07-22T00:00:00Z,2007
D42,Shooting,131,Rouge (131),2007-07-28T00:00:00Z,2007
D11,Other,90,Junction Area (90),2007-07-28T00:00:00Z,2007
D23,Shooting,1,West Humber-Clairville (1),2007-07-30T00:00:00Z,2007
D43,Stabbing,138,Eglinton East (138),2007-07-29T00:00:00Z,2007
D51,Shooting,72,Regent Park (72),2007-08-04T00:00:00Z,2007
D14,Stabbing,82,Niagara (82),2007-08-09T00:00:00Z,2007
D53,Stabbing,55,Thorncliffe Park (55),2007-08-22T00:00:00Z,2007
D22,Stabbing,14,Islington-City Centre West (14),2007-02-22T00:00:00Z,2007
D11,Shooting,121,Oakridge (121),2007-08-26T00:00:00Z,2007
D41,Other,123,Cliffcrest (123),2007-08-22T00:00:00Z,2007
D42,Other,129,Agincourt North (129),2007-08-31T00:00:00Z,2007
D41,Stabbing,126,Dorset Park (126),2007-09-11T00:00:00Z,2007
D13,Other,107,Oakwood Village (107),2007-09-07T00:00:00Z,2007
D31,Shooting,24,Black Creek (24),2007-08-16T00:00:00Z,2007
D31,Other,113,Weston (113),2007-09-11T00:00:00Z,2007
D52,Shooting,76,Bay Street Corridor (76),2007-09-19T00:00:00Z,2007
D33,Other,45,Parkwoods-Donalda (45),2007-09-25T00:00:00Z,2007
D31,Shooting,25,Glenfield-Jane Heights (25),2007-09-28T00:00:00Z,2007
D31,Stabbing,26,Downsview-Roding-CFB (26),2007-10-02T00:00:00Z,2007
D12,Shooting,111,Rockcliffe-Smythe (111),2007-10-06T00:00:00Z,2007
D13,Shooting,94,Wychwood (94),2007-10-08T00:00:00Z,2007
D31,Shooting,25,Glenfield-Jane Heights (25),2007-10-09T00:00:00Z,2007
D41,Shooting,119,Wexford/Maryvale (119),2007-10-14T00:00:00Z,2007
D33,Other,48,Hillcrest Village (48),2007-10-18T00:00:00Z,2007
D55,Shooting,68,North Riverdale (68),2007-10-21T00:00:00Z,2007
D22,Shooting,14,Islington-City Centre West (14),2007-10-27T00:00:00Z,2007
D41,Other,120,Clairlea-Birchmount (120),2007-09-01T00:00:00Z,2007
D31,Stabbing,25,Glenfield-Jane Heights (25),2007-11-03T00:00:00Z,2007
D51,Shooting,73,Moss Park (73),2007-11-06T00:00:00Z,2007
D42,Shooting,118,Tam O'Shanter-Sullivan (118),2007-11-23T00:00:00Z,2007
D42,Shooting,132,Malvern (132),2007-11-23T00:00:00Z,2007
D54,Stabbing,54,O'Connor-Parkview (54),2007-11-23T00:00:00Z,2007
D31,Shooting,24,Black Creek (24),2007-11-25T00:00:00Z,2007
D43,Shooting,135,Morningside (135),2007-11-28T00:00:00Z,2007
D42,Shooting,132,Malvern (132),2007-12-02T00:00:00Z,2007
D42,Shooting,131,Rouge (131),2007-12-14T00:00:00Z,2007
D51,Shooting,72,Regent Park (72),2007-12-23T00:00:00Z,2007
D23,Stabbing,2,Mount Olive-Silverstone-Jamestown (2),2007-12-25T00:00:00Z,2007
D43,Stabbing,127,Bendale (127),2007-12-01T00:00:00Z,2007
D51,Other,77,Waterfront Communities-The Island (77),2007-02-11T00:00:00Z,2007
D54,Stabbing,54,O'Connor-Parkview (54),2008-01-01T00:00:00Z,2008
D51,Shooting,76,Bay Street Corridor (76),2008-01-12T00:00:00Z,2008
D55,Shooting,70,South Riverdale (70),2008-01-17T00:00:00Z,2008
D31,Shooting,26,Downsview-Roding-CFB (26),2008-01-22T00:00:00Z,2008
D43,Shooting,138,Eglinton East (138),2008-02-01T00:00:00Z,2008
D42,Shooting,131,Rouge (131),2006-07-12T00:00:00Z,2006
D42,Shooting,131,Rouge (131),2008-07-19T00:00:00Z,2008
D41,Other,120,Clairlea-Birchmount (120),2011-10-17T00:00:00Z,2011
D42,Shooting,131,Rouge (131),2017-11-21T00:00:00Z,2017
D22,Shooting,20,Alderwood (20),2008-07-20T00:00:00Z,2008
D14,Other,84,Little Portugal (84),2011-10-07T00:00:00Z,2011
D22,Shooting,20,Alderwood (20),2008-07-20T00:00:00Z,2008
D43,Shooting,139,Scarborough Village (139),2017-12-04T00:00:00Z,2017
D31,Shooting,21,Humber Summit (21),2013-02-24T00:00:00Z,2013
D22,Shooting,20,Alderwood (20),2008-07-20T00:00:00Z,2008
D51,Other,75,Church-Yonge Corridor (75),2017-11-29T00:00:00Z,2017
D32,Shooting,51,Willowdale East (51),2013-06-16T00:00:00Z,2013
D23,Stabbing,2,Mount Olive-Silverstone-Jamestown (2),2007-12-25T00:00:00Z,2007
D43,Other,133,Centennial Scarborough (133),2017-12-06T00:00:00Z,2017
D23,Shooting,2,Mount Olive-Silverstone-Jamestown (2),2013-11-24T00:00:00Z,2013
D42,Stabbing,131,Rouge (131),2007-06-25T00:00:00Z,2007
D51,Shooting,73,Moss Park (73),2017-11-13T00:00:00Z,2017
D12,Other,111,Rockcliffe-Smythe (111),2009-05-20T00:00:00Z,2009
D42,Shooting,131,Rouge (131),2007-07-04T00:00:00Z,2007
D42,Other,132,Malvern (132),2017-12-12T00:00:00Z,2017
D53,Stabbing,55,Thorncliffe Park (55),2014-11-29T00:00:00Z,2014
D31,Shooting,23,Pelmo Park-Humberlea (23),2008-07-26T00:00:00Z,2008
D51,Shooting,77,Waterfront Communities-The Island (77),2017-12-16T00:00:00Z,2017
D53,Stabbing,55,Thorncliffe Park (55),2014-11-29T00:00:00Z,2014
D12,Shooting,110,Keelesdale-Eglinton West (110),2008-07-27T00:00:00Z,2008
D23,Other,7,Willowridge-Martingrove-Richview (7),2018-01-03T00:00:00Z,2018
D53,Stabbing,55,Thorncliffe Park (55),2014-11-29T00:00:00Z,2014
D51,Stabbing,73,Moss Park (73),2008-08-02T00:00:00Z,2008
D23,Shooting,8,Humber Heights-Westmount (8),2018-01-09T00:00:00Z,2018
D52,Shooting,76,Bay Street Corridor (76),2014-11-16T00:00:00Z,2014
D14,Other,86,Roncesvalles (86),2008-08-03T00:00:00Z,2008
D31,Stabbing,26,Downsview-Roding-CFB (26),2004-02-20T00:00:00Z,2004
D51,Stabbing,71,Cabbagetown-South St.James Town (71),2014-12-01T00:00:00Z,2014
D55,Stabbing,64,Woodbine Corridor (64),2008-08-03T00:00:00Z,2008
D22,Shooting,11,Eringate-Centennial-West Deane (11),2018-01-19T00:00:00Z,2018
D41,Stabbing,127,Bendale (127),2014-12-04T00:00:00Z,2014
D42,Shooting,128,Agincourt South-Malvern West (128),2008-08-10T00:00:00Z,2008
D22,Shooting,11,Eringate-Centennial-West Deane (11),2018-01-19T00:00:00Z,2018
D11,Stabbing,88,High Park North (88),2014-12-09T00:00:00Z,2014
D32,Shooting,37,Willowdale West (37),2008-08-24T00:00:00Z,2008
D51,Stabbing,76,Bay Street Corridor (76),2018-01-29T00:00:00Z,2018
D14,Other,84,Little Portugal (84),2014-12-15T00:00:00Z,2014
D42,Shooting,132,Malvern (132),2008-08-26T00:00:00Z,2008
D53,Other,55,Thorncliffe Park (55),2017-12-31T00:00:00Z,2017
D51,Stabbing,75,Church-Yonge Corridor (75),2015-01-10T00:00:00Z,2015
D23,Other,1,West Humber-Clairville (1),2008-05-28T00:00:00Z,2008
D51,Other,77,Waterfront Communities-The Island (77),2008-08-22T00:00:00Z,2008
D33,Stabbing,52,Bayview Village (52),2008-09-02T00:00:00Z,2008
D12,Shooting,110,Keelesdale-Eglinton West (110),2008-09-08T00:00:00Z,2008
D31,Stabbing,22,Humbermede (22),2008-09-08T00:00:00Z,2008
D31,Shooting,29,Maple Leaf (29),2008-09-09T00:00:00Z,2008
D31,Shooting,24,Black Creek (24),2008-09-16T00:00:00Z,2008
D42,Stabbing,118,Tam O'Shanter-Sullivan (118),2008-09-16T00:00:00Z,2008
D31,Shooting,25,Glenfield-Jane Heights (25),2008-09-22T00:00:00Z,2008
D22,Shooting,9,Edenbridge-Humber Valley (9),2008-10-03T00:00:00Z,2008
D31,Other,26,Downsview-Roding-CFB (26),2008-09-24T00:00:00Z,2008
D31,Shooting,26,Downsview-Roding-CFB (26),2008-10-09T00:00:00Z,2008
D14,Other,82,Niagara (82),2008-10-11T00:00:00Z,2008
D42,Stabbing,131,Rouge (131),2008-10-13T00:00:00Z,2008
D42,Stabbing,131,Rouge (131),2008-10-13T00:00:00Z,2008
D43,Shooting,139,Scarborough Village (139),2008-10-14T00:00:00Z,2008
D55,Shooting,70,South Riverdale (70),2008-10-25T00:00:00Z,2008
D32,Shooting,33,Clanton Park (33),2008-10-25T00:00:00Z,2008
D14,Other,78,Kensington-Chinatown (78),2008-08-28T00:00:00Z,2008
D43,Stabbing,135,Morningside (135),2008-11-18T00:00:00Z,2008
D43,Stabbing,135,Morningside (135),2008-11-18T00:00:00Z,2008
D43,Stabbing,135,Morningside (135),2008-11-18T00:00:00Z,2008
D22,Other,13,Etobicoke West Mall (13),2008-11-23T00:00:00Z,2008
D33,Shooting,43,Victoria Village (43),2008-11-26T00:00:00Z,2008
D22,Stabbing,18,New Toronto (18),2008-12-03T00:00:00Z,2008
D12,Stabbing,112,Beechborough-Greenbrook (112),2008-12-06T00:00:00Z,2008
D41,Other,119,Wexford/Maryvale (119),2008-12-25T00:00:00Z,2008
D31,Shooting,21,Humber Summit (21),2009-01-03T00:00:00Z,2009
D33,Shooting,42,Banbury-Don Mills (42),2009-01-04T00:00:00Z,2009
D54,Other,44,Flemingdon Park (44),2009-01-06T00:00:00Z,2009
D12,Stabbing,91,Weston-Pellam Park (91),2009-01-16T00:00:00Z,2009
D12,Shooting,110,Keelesdale-Eglinton West (110),2009-01-20T00:00:00Z,2009
D12,Shooting,113,Weston (113),2009-02-01T00:00:00Z,2009
D41,Shooting,135,Morningside (135),2009-02-10T00:00:00Z,2009
D31,Shooting,24,Black Creek (24),2009-02-22T00:00:00Z,2009
D41,Other,126,Dorset Park (126),2009-07-11T00:00:00Z,2009
D12,Shooting,110,Keelesdale-Eglinton West (110),2009-02-26T00:00:00Z,2009
D41,Shooting,126,Dorset Park (126),2009-02-28T00:00:00Z,2009
D31,Stabbing,24,Black Creek (24),2009-03-12T00:00:00Z,2009
D41,Stabbing,124,Kennedy Park (124),2009-04-02T00:00:00Z,2009
D55,Stabbing,70,South Riverdale (70),2009-04-17T00:00:00Z,2009
D12,Shooting,110,Keelesdale-Eglinton West (110),2009-04-21T00:00:00Z,2009
D12,Shooting,111,Rockcliffe-Smythe (111),2009-04-22T00:00:00Z,2009
D11,Shooting,114,Lambton Baby Point (114),2009-05-01T00:00:00Z,2009
D14,Stabbing,84,Little Portugal (84),2009-05-05T00:00:00Z,2009
D12,Shooting,111,Rockcliffe-Smythe (111),2009-05-11T00:00:00Z,2009
D55,Stabbing,70,South Riverdale (70),2009-05-20T00:00:00Z,2009
D23,Stabbing,111,Rockcliffe-Smythe (111),2009-05-20T00:00:00Z,2009
D12,Stabbing,6,Kingsview Village-The Westway (6),2009-06-15T00:00:00Z,2009
D32,Other,31,Yorkdale-Glen Park (31),2009-06-17T00:00:00Z,2009
D51,Stabbing,70,South Riverdale (70),2009-06-21T00:00:00Z,2009
D51,Stabbing,70,South Riverdale (70),2009-06-21T00:00:00Z,2009
D55,Other,65,Greenwood-Coxwell (65),2009-05-09T00:00:00Z,2009
D31,Other,25,Glenfield-Jane Heights (25),2009-07-07T00:00:00Z,2009
D43,Shooting,131,Rouge (131),2009-07-19T00:00:00Z,2009
D42,Stabbing,118,Tam O'Shanter-Sullivan (118),2009-07-20T00:00:00Z,2009
D14,Shooting,79,University (79),2009-07-25T00:00:00Z,2009
D53,Shooting,95,Annex (95),2009-08-01T00:00:00Z,2009
D23,Shooting,1,West Humber-Clairville (1),2009-08-02T00:00:00Z,2009
D52,Other,55,Thorncliffe Park (55),2017-12-31T00:00:00Z,2017
D53,Other,55,Thorncliffe Park (55),2016-04-22T00:00:00Z,2016
D32,Stabbing,50,Newtonbrook East (50),2015-01-17T00:00:00Z,2015
D33,Other,40,St.Andrew-Windfields (40),2017-12-15T00:00:00Z,2017
D33,Other,40,St.Andrew-Windfields (40),2017-12-15T00:00:00Z,2017
D32,Shooting,31,Yorkdale-Glen Park (31),2015-01-27T00:00:00Z,2015
D33,Shooting,52,Bayview Village (52),2018-02-08T00:00:00Z,2018
D14,Shooting,78,Kensington-Chinatown (78),2015-01-31T00:00:00Z,2015
D43,Shooting,134,Highland Creek (134),2018-02-15T00:00:00Z,2018
D41,Other,120,Clairlea-Birchmount (120),2015-02-04T00:00:00Z,2015
D13,Other,94,Wychwood (94),2018-02-26T00:00:00Z,2018
D55,Shooting,64,Woodbine Corridor (64),2015-02-28T00:00:00Z,2015
D31,Shooting,24,Black Creek (24),2018-03-02T00:00:00Z,2018
D55,Shooting,64,Woodbine Corridor (64),2015-02-28T00:00:00Z,2015
D33,Stabbing,45,Parkwoods-Donalda (45),2018-03-06T00:00:00Z,2018
D23,Shooting,6,Kingsview Village-The Westway (6),2015-03-17T00:00:00Z,2015
D23,Shooting,2,Mount Olive-Silverstone-Jamestown (2),2018-03-10T00:00:00Z,2018
D23,Stabbing,7,Willowridge-Martingrove-Richview (7),2015-03-21T00:00:00Z,2015
D23,Shooting,8,Humber Heights-Westmount (8),2018-03-16T00:00:00Z,2018
D22,Other,17,Mimico (includes Humber Bay Shores) (17),2015-03-18T00:00:00Z,2015
D32,Shooting,31,Yorkdale-Glen Park (31),2018-03-17T00:00:00Z,2018
D23,Shooting,2,Mount Olive-Silverstone-Jamestown (2),2015-03-30T00:00:00Z,2015
D32,Shooting,31,Yorkdale-Glen Park (31),2018-03-17T00:00:00Z,2018
D13,Other,92,Corso Italia-Davenport (92),2015-04-14T00:00:00Z,2015
D41,Shooting,45,Parkwoods-Donalda (45),2018-04-06T00:00:00Z,2018
D41,Stabbing,122,Birchcliffe-Cliffside (122),2015-04-23T00:00:00Z,2015
D54,Stabbing,58,Old East York (58),2018-04-10T00:00:00Z,2018
D54,Other,61,Taylor-Massey (61),2015-04-09T00:00:00Z,2015
D41,Stabbing,124,Kennedy Park (124),2018-04-21T00:00:00Z,2018
D43,Stabbing,136,West Hill (136),2015-05-08T00:00:00Z,2015
D32,Other,38,Lansing-Westgate (38),2018-04-23T00:00:00Z,2018
D54,Shooting,65,Greenwood-Coxwell (65),2015-05-19T00:00:00Z,2015
D11,Other,93,Dovercourt-Wallace Emerson-Junction (93),2015-05-17T00:00:00Z,2015
D11,Shooting,93,Dovercourt-Wallace Emerson-Junction (93),2015-05-20T00:00:00Z,2015
D43,Stabbing,137,Woburn (137),2015-05-25T00:00:00Z,2015
D43,Shooting,137,Woburn (137),2015-06-01T00:00:00Z,2015
D54,Stabbing,60,Woodbine-Lumsden (60),2015-05-30T00:00:00Z,2015
D51,Stabbing,75,Church-Yonge Corridor (75),2015-06-03T00:00:00Z,2015
D12,Other,111,Rockcliffe-Smythe (111),2015-06-12T00:00:00Z,2015
D14,Shooting,84,Little Portugal (84),2015-06-28T00:00:00Z,2015
D14,Shooting,84,Little Portugal (84),2015-06-28T00:00:00Z,2015
D43,Stabbing,123,Cliffcrest (123),2015-07-12T00:00:00Z,2015
D13,Other,93,Dovercourt-Wallace Emerson-Junction (93),2015-07-10T00:00:00Z,2015
D51,Stabbing,74,North St.James Town (74),2015-08-03T00:00:00Z,2015
D14,Shooting,82,Niagara (82),2015-08-04T00:00:00Z,2015
D14,Shooting,82,Niagara (82),2015-08-04T00:00:00Z,2015
D12,Stabbing,91,Weston-Pellam Park (91),2015-08-07T00:00:00Z,2015
D52,Shooting,76,Bay Street Corridor (76),2015-08-09T00:00:00Z,2015
D51,Shooting,73,Moss Park (73),2015-08-19T00:00:00Z,2015
D12,Shooting,28,Rustic (28),2015-08-19T00:00:00Z,2015
D23,Shooting,2,Mount Olive-Silverstone-Jamestown (2),2015-07-09T00:00:00Z,2015
D12,Stabbing,111,Rockcliffe-Smythe (111),2015-09-06T00:00:00Z,2015
D43,Stabbing,136,West Hill (136),2015-09-12T00:00:00Z,2015
D43,Stabbing,135,Morningside (135),2015-09-22T00:00:00Z,2015
D43,Shooting,134,Highland Creek (134),2015-10-01T00:00:00Z,2015
D23,Shooting,1,West Humber-Clairville (1),2015-10-17T00:00:00Z,2015
D51,Shooting,76,Bay Street Corridor (76),2015-10-31T00:00:00Z,2015
D53,Shooting,55,Thorncliffe Park (55),2015-11-04T00:00:00Z,2015
D55,Other,64,Woodbine Corridor (64),2015-11-10T00:00:00Z,2015
D41,Other,120,Clairlea-Birchmount (120),2015-11-10T00:00:00Z,2015
D51,Stabbing,71,Cabbagetown-South St.James Town (71),2015-11-13T00:00:00Z,2015
D42,Stabbing,118,Tam O'Shanter-Sullivan (118),2015-11-13T00:00:00Z,2015
D23,Shooting,1,West Humber-Clairville (1),2015-11-17T00:00:00Z,2015
D23,Shooting,2,Mount Olive-Silverstone-Jamestown (2),2015-11-30T00:00:00Z,2015
D52,Shooting,77,Waterfront Communities-The Island (77),2015-12-11T00:00:00Z,2015
D33,Shooting,53,Henry Farm (53),2015-12-11T00:00:00Z,2015
D51,Stabbing,76,Bay Street Corridor (76),2015-12-15T00:00:00Z,2015
D31,Shooting,21,Humber Summit (21),2015-12-15T00:00:00Z,2015
D52,Stabbing,76,Bay Street Corridor (76),2015-12-11T00:00:00Z,2015
D41,Other,121,Oakridge (121),2015-11-28T00:00:00Z,2015
D13,Other,106,Humewood-Cedarvale (106),2015-12-20T00:00:00Z,2015
D53,Other,100,Yonge-Eglinton (100),2015-12-30T00:00:00Z,2015
D54,Shooting,61,Taylor-Massey (61),2016-01-04T00:00:00Z,2016
D32,Other,50,Newtonbrook East (50),2016-01-17T00:00:00Z,2016
D22,Shooting,10,Princess-Rosethorn (10),2016-01-20T00:00:00Z,2016
D42,Shooting,117,L'Amoreaux (117),2016-01-20T00:00:00Z,2016
D22,Shooting,18,New Toronto (18),2016-01-19T00:00:00Z,2016
D43,Shooting,127,Bendale (127),2016-01-24T00:00:00Z,2016
D13,Shooting,31,Yorkdale-Glen Park (31),2016-01-29T00:00:00Z,2016
D14,Shooting,78,Kensington-Chinatown (78),2016-01-31T00:00:00Z,2016
D23,Other,2,Mount Olive-Silverstone-Jamestown (2),2016-01-30T00:00:00Z,2016
D14,Shooting,78,Kensington-Chinatown (78),2016-01-31T00:00:00Z,2016
D22,Stabbing,13,Etobicoke West Mall (13),2016-02-03T00:00:00Z,2016
D54,Other,54,O'Connor-Parkview (54),2016-02-07T00:00:00Z,2016
D12,Stabbing,113,Weston (113),2016-02-09T00:00:00Z,2016
D41,Stabbing,120,Clairlea-Birchmount (120),2016-02-27T00:00:00Z,2016
D23,Shooting,8,Humber Heights-Westmount (8),2016-02-28T00:00:00Z,2016
D11,Shooting,139,Scarborough Village (139),2016-02-29T00:00:00Z,2016
D43,Other,139,Scarborough Village (139),2016-02-22T00:00:00Z,2016
D52,Other,78,Kensington-Chinatown (78),2016-03-04T00:00:00Z,2016
D42,Shooting,117,L'Amoreaux (117),2016-03-20T00:00:00Z,2016
D12,Other,23,Pelmo Park-Humberlea (23),2016-03-22T00:00:00Z,2016
D55,Shooting,70,South Riverdale (70),2016-03-23T00:00:00Z,2016
D51,Shooting,73,Moss Park (73),2016-04-02T00:00:00Z,2016
D31,Other,27,York University Heights (27),2016-04-09T00:00:00Z,2016
D53,Shooting,76,Bay Street Corridor (76),2016-04-13T00:00:00Z,2016
D22,Shooting,17,Mimico (includes Humber Bay Shores) (17),2016-04-14T00:00:00Z,2016
D54,Shooting,65,Greenwood-Coxwell (65),2016-04-17T00:00:00Z,2016
D41,Shooting,119,Wexford/Maryvale (119),2016-04-29T00:00:00Z,2016
D41,Shooting,119,Wexford/Maryvale (119),2016-04-29T00:00:00Z,2016
D23,Shooting,1,West Humber-Clairville (1),2016-05-15T00:00:00Z,2016
D32,Other,38,Lansing-Westgate (38),2018-04-23T00:00:00Z,2018
D32,Other,38,Lansing-Westgate (38),2018-04-23T00:00:00Z,2018
D32,Other,38,Lansing-Westgate (38),2018-04-23T00:00:00Z,2018
D32,Other,38,Lansing-Westgate (38),2018-04-23T00:00:00Z,2018
D32,Other,38,Lansing-Westgate (38),2018-04-23T00:00:00Z,2018
D32,Other,38,Lansing-Westgate (38),2018-04-23T00:00:00Z,2018
D32,Other,38,Lansing-Westgate (38),2018-04-23T00:00:00Z,2018
D32,Other,38,Lansing-Westgate (38),2018-04-23T00:00:00Z,2018
D32,Other,38,Lansing-Westgate (38),2018-04-23T00:00:00Z,2018
D41,Stabbing,122,Birchcliffe-Cliffside (122),2018-05-06T00:00:00Z,2018
D22,Shooting,10,Princess-Rosethorn (10),2018-05-07T00:00:00Z,2018
D43,Shooting,135,Morningside (135),2018-05-20T00:00:00Z,2018
D52,Shooting,76,Bay Street Corridor (76),2018-05-20T00:00:00Z,2018
D14,Stabbing,95,Annex (95),2018-05-23T00:00:00Z,2018
D54,Other,57,Broadview North (57),2018-05-25T00:00:00Z,2018
D55,Stabbing,62,East End-Danforth (62),2018-05-25T00:00:00Z,2018
D42,Shooting,132,Malvern (132),2018-05-28T00:00:00Z,2018
D53,Shooting,95,Annex (95),2018-05-28T00:00:00Z,2018
D52,Shooting,76,Bay Street Corridor (76),2018-05-30T00:00:00Z,2018
D22,Shooting,18,New Toronto (18),2018-06-05T00:00:00Z,2018
D11,Stabbing,84,Little Portugal (84),2018-06-09T00:00:00Z,2018
D14,Other,82,Niagara (82),2018-06-09T00:00:00Z,2018
D11,Other,86,Roncesvalles (86),2018-06-13T00:00:00Z,2018
D41,Stabbing,123,Cliffcrest (123),2018-06-16T00:00:00Z,2018
D53,Other,75,Church-Yonge Corridor (75),2018-06-18T00:00:00Z,2018
D32,Shooting,32,Englemount-Lawrence (32),2018-06-24T00:00:00Z,2018
D23,Shooting,3,Thistletown-Beaumond Heights (3),2018-06-24T00:00:00Z,2018
D23,Shooting,3,Thistletown-Beaumond Heights (3),2018-06-24T00:00:00Z,2018
D23,Stabbing,1,West Humber-Clairville (1),2018-06-23T00:00:00Z,2018
D51,Shooting,73,Moss Park (73),2018-06-25T00:00:00Z,2018
D52,Shooting,77,Waterfront Communities-The Island (77),2018-06-30T00:00:00Z,2018
D52,Shooting,77,Waterfront Communities-The Island (77),2018-06-30T00:00:00Z,2018
D54,Stabbing,69,Blake-Jones (69),2018-07-01T00:00:00Z,2018
D14,Shooting,78,Kensington-Chinatown (78),2018-07-01T00:00:00Z,2018
D31,Shooting,24,Black Creek (24),2018-07-08T00:00:00Z,2018
D31,Shooting,24,Black Creek (24),2018-07-09T00:00:00Z,2018
D41,Other,120,Clairlea-Birchmount (120),2018-07-05T00:00:00Z,2018
D54,Shooting,68,North Riverdale (68),2018-07-23T00:00:00Z,2018
D55,Stabbing,70,South Riverdale (70),2018-07-21T00:00:00Z,2018
D54,Shooting,68,North Riverdale (68),2018-07-23T00:00:00Z,2018
D31,Shooting,21,Humber Summit (21),2018-07-25T00:00:00Z,2018
D51,Other,75,Church-Yonge Corridor (75),2012-10-18T00:00:00Z,2012
D43,Other,137,Woburn (137),2015-10-15T00:00:00Z,2015
D52,Other,55,Thorncliffe Park (55),2010-09-06T00:00:00Z,2010
D52,Other,55,Thorncliffe Park (55),2010-12-29T00:00:00Z,2010
D52,Other,55,Thorncliffe Park (55),2015-12-14T00:00:00Z,2015
D23,Shooting,1,West Humber-Clairville (1),2018-08-15T00:00:00Z,2018
D23,Stabbing,6,Kingsview Village-The Westway (6),2018-08-18T00:00:00Z,2018
D22,Stabbing,14,Islington-City Centre West (14),2018-08-18T00:00:00Z,2018
D51,Shooting,73,Moss Park (73),2018-08-19T00:00:00Z,2018
D54,Shooting,69,Blake-Jones (69),2018-08-22T00:00:00Z,2018
D12,Shooting,115,Mount Dennis (115),2018-08-22T00:00:00Z,2018
D22,Other,18,New Toronto (18),2018-08-13T00:00:00Z,2018
D12,Stabbing,113,Weston (113),2018-08-24T00:00:00Z,2018
D42,Other,129,Agincourt North (129),2018-08-24T00:00:00Z,2018
D51,Other,72,Regent Park (72),2018-08-29T00:00:00Z,2018
D22,Stabbing,14,Islington-City Centre West (14),2018-08-18T00:00:00Z,2018
D41,Shooting,120,Clairlea-Birchmount (120),2018-08-31T00:00:00Z,2018
D42,Shooting,132,Malvern (132),2018-09-02T00:00:00Z,2018
D14,Shooting,82,Niagara (82),2018-09-02T00:00:00Z,2018
D12,Shooting,91,Weston-Pellam Park (91),2018-09-08T00:00:00Z,2018
D11,Other,86,Roncesvalles (86),2018-09-08T00:00:00Z,2018
D23,Stabbing,7,Willowridge-Martingrove-Richview (7),2018-09-11T00:00:00Z,2018
D43,Shooting,138,Eglinton East (138),2018-09-14T00:00:00Z,2018
D42,Shooting,128,Agincourt South-Malvern West (128),2018-09-18T00:00:00Z,2018
D32,Stabbing,36,Newtonbrook West (36),2018-09-19T00:00:00Z,2018
D33,Shooting,53,Henry Farm (53),2018-09-24T00:00:00Z,2018
D51,Shooting,72,Regent Park (72),2018-09-25T00:00:00Z,2018
D31,Shooting,27,York University Heights (27),2018-10-02T00:00:00Z,2018
D42,Shooting,118,Tam O'Shanter-Sullivan (118),2018-10-03T00:00:00Z,2018
D55,Other,70,South Riverdale (70),2018-10-04T00:00:00Z,2018
D31,Shooting,26,Downsview-Roding-CFB (26),2018-10-11T00:00:00Z,2018
D41,Stabbing,124,Kennedy Park (124),2018-10-20T00:00:00Z,2018
D41,Other,120,Clairlea-Birchmount (120),2018-10-18T00:00:00Z,2018
D51,Other,75,Church-Yonge Corridor (75),2018-10-12T00:00:00Z,2018
D31,Shooting,23,Pelmo Park-Humberlea (23),2018-11-14T00:00:00Z,2018
D43,Shooting,136,West Hill (136),2018-11-18T00:00:00Z,2018
D51,Other,73,Moss Park (73),2018-11-16T00:00:00Z,2018
D51,Stabbing,73,Moss Park (73),2018-12-06T00:00:00Z,2018
D23,Shooting,6,Kingsview Village-The Westway (6),2018-12-12T00:00:00Z,2018
D31,Shooting,24,Black Creek (24),2018-12-18T00:00:00Z,2018
D14,Shooting,77,Waterfront Communities-The Island (77),2018-12-19T00:00:00Z,2018
D23,Shooting,2,Mount Olive-Silverstone-Jamestown (2),2018-12-21T00:00:00Z,2018
D41,Stabbing,124,Kennedy Park (124),2019-01-06T00:00:00Z,2019
D23,Shooting,4,Rexdale-Kipling (4),2019-01-09T00:00:00Z,2019
D41,Stabbing,120,Clairlea-Birchmount (120),2019-01-08T00:00:00Z,2019
D41,Shooting,126,Dorset Park (126),2019-01-12T00:00:00Z,2019
D12,Stabbing,111,Rockcliffe-Smythe (111),2019-01-24T00:00:00Z,2019
D51,Shooting,73,Moss Park (73),2019-02-08T00:00:00Z,2019
D43,Shooting,136,West Hill (136),2019-02-12T00:00:00Z,2019
D23,Shooting,4,Rexdale-Kipling (4),2019-02-13T00:00:00Z,2019
D22,Shooting,17,Mimico (includes Humber Bay Shores) (17),2019-02-10T00:00:00Z,2019
D23,Shooting,2,Mount Olive-Silverstone-Jamestown (2),2019-02-24T00:00:00Z,2019
D53,Other,104,Mount Pleasant West (104),2019-03-04T00:00:00Z,2019
D31,Shooting,26,Downsview-Roding-CFB (26),2019-03-11T00:00:00Z,2019
D11,Other,91,Weston-Pellam Park (91),2019-03-13T00:00:00Z,2019
D23,Other,7,Willowridge-Martingrove-Richview (7),2019-03-18T00:00:00Z,2019
D11,Shooting,93,Dovercourt-Wallace Emerson-Junction (93),2019-03-19T00:00:00Z,2019
D53,Shooting,100,Yonge-Eglinton (100),2019-03-08T00:00:00Z,2019
D52,Stabbing,76,Bay Street Corridor (76),2019-04-10T00:00:00Z,2019
D12,Stabbing,110,Keelesdale-Eglinton West (110),2019-04-15T00:00:00Z,2019
D13,Shooting,107,Oakwood Village (107),2019-04-21T00:00:00Z,2019
D43,Shooting,135,Morningside (135),2019-04-28T00:00:00Z,2019
D23,Shooting,1,West Humber-Clairville (1),2019-05-01T00:00:00Z,2019
D22,Other,11,Eringate-Centennial-West Deane (11),2019-04-28T00:00:00Z,2019
D31,Shooting,21,Humber Summit (21),2019-05-03T00:00:00Z,2019
D43,Stabbing,140,Guildwood (140),2019-05-05T00:00:00Z,2019
D14,Other,93,Dovercourt-Wallace Emerson-Junction (93),2019-05-21T00:00:00Z,2019
D52,Stabbing,76,Bay Street Corridor (76),2019-06-08T00:00:00Z,2019
D51,Other,75,Church-Yonge Corridor (75),2019-06-06T00:00:00Z,2019
D43,Shooting,136,West Hill (136),2019-06-27T00:00:00Z,2019
D52,Shooting,77,Waterfront Communities-The Island (77),2019-06-30T00:00:00Z,2019
D12,Shooting,115,Mount Dennis (115),2019-06-29T00:00:00Z,2019
D12,Shooting,115,Mount Dennis (115),2019-06-29T00:00:00Z,2019
D33,Stabbing,45,Parkwoods-Donalda (45),2019-06-27T00:00:00Z,2019
D51,Other,73,Moss Park (73),2019-07-01T00:00:00Z,2019
D14,Other,83,Dufferin Grove (83),2019-07-18T00:00:00Z,2019
D12,Shooting,28,Rustic (28),2019-08-02T00:00:00Z,2019
D13,Stabbing,94,Wychwood (94),2019-08-07T00:00:00Z,2019
D54,Shooting,43,Victoria Village (43),2019-08-09T00:00:00Z,2019
D11,Shooting,87,High Park-Swansea (87),2019-08-16T00:00:00Z,2019
D12,Shooting,115,Mount Dennis (115),2019-08-21T00:00:00Z,2019
D12,Shooting,23,Pelmo Park-Humberlea (23),2019-08-19T00:00:00Z,2019
D31,Shooting,21,Humber Summit (21),2019-08-25T00:00:00Z,2019
D31,Other,26,Downsview-Roding-CFB (26),2019-09-04T00:00:00Z,2019
D43,Other,127,Bendale (127),2019-09-03T00:00:00Z,2019
D42,Other,118,Tam O'Shanter-Sullivan (118),2019-04-03T00:00:00Z,2019
D43,Stabbing,134,Highland Creek (134),2019-09-11T00:00:00Z,2019
D13,Shooting,31,Yorkdale-Glen Park (31),2019-09-16T00:00:00Z,2019
D42,Shooting,130,Milliken (130),2019-09-19T00:00:00Z,2019
D41,Other,126,Dorset Park (126),2019-09-22T00:00:00Z,2019
D22,Shooting,13,Etobicoke West Mall (13),2019-09-24T00:00:00Z,2019
D51,Other,76,Bay Street Corridor (76),2019-09-24T00:00:00Z,2019
D23,Other,1,West Humber-Clairville (1),2019-12-11T00:00:00Z,2019
D23,Shooting,2,Mount Olive-Silverstone-Jamestown (2),2019-09-29T00:00:00Z,2019
D31,Shooting,25,Glenfield-Jane Heights (25),2019-10-01T00:00:00Z,2019
D31,Shooting,25,Glenfield-Jane Heights (25),2019-10-01T00:00:00Z,2019
D52,Stabbing,76,Bay Street Corridor (76),2019-10-02T00:00:00Z,2019
D54,Other,60,Woodbine-Lumsden (60),2019-10-07T00:00:00Z,2019
D23,Shooting,2,Mount Olive-Silverstone-Jamestown (2),2019-10-14T00:00:00Z,2019
D33,Shooting,48,Hillcrest Village (48),2019-10-17T00:00:00Z,2019
D11,Shooting,87,High Park-Swansea (87),2019-10-19T00:00:00Z,2019
D53,Other,104,Mount Pleasant West (104),2019-10-26T00:00:00Z,2019
D53,Stabbing,95,Annex (95),2019-10-31T00:00:00Z,2019
D22,Shooting,14,Islington-City Centre West (14),2019-11-04T00:00:00Z,2019
D54,Shooting,61,Taylor-Massey (61),2019-11-05T00:00:00Z,2019
D12,Shooting,113,Weston (113),2019-11-07T00:00:00Z,2019
D13,Shooting,107,Oakwood Village (107),2019-11-16T00:00:00Z,2019
D43,Shooting,138,Eglinton East (138),2019-11-23T00:00:00Z,2019
D31,Shooting,21,Humber Summit (21),2019-12-07T00:00:00Z,2019
D33,Shooting,49,Bayview Woods-Steeles (49),2019-12-11T00:00:00Z,2019
D31,Shooting,26,Downsview-Roding-CFB (26),2019-12-15T00:00:00Z,2019
D41,Stabbing,119,Wexford/Maryvale (119),2019-12-10T00:00:00Z,2019
D12,Other,113,Weston (113),2019-12-20T00:00:00Z,2019
D14,Other,79,University (79),2019-12-22T00:00:00Z,2019
D14,Stabbing,85,South Parkdale (85),2019-12-23T00:00:00Z,2019
D51,Stabbing,73,Moss Park (73),2019-12-22T00:00:00Z,2019
D22,Shooting,13,Etobicoke West Mall (13),2019-12-27T00:00:00Z,2019
D43,Shooting,138,Eglinton East (138),2019-12-29T00:00:00Z,2019
D51,Shooting,72,Regent Park (72),2020-01-01T00:00:00Z,2020
D42,Shooting,132,Malvern (132),2019-12-31T00:00:00Z,2019
D42,Stabbing,118,Tam O'Shanter-Sullivan (118),2019-12-19T00:00:00Z,2019
D43,Shooting,135,Morningside (135),2020-01-11T00:00:00Z,2020
D42,Stabbing,118,Tam O'Shanter-Sullivan (118),2020-01-13T00:00:00Z,2020
D43,Shooting,137,Woburn (137),2020-01-20T00:00:00Z,2020
D13,Other,107,Oakwood Village (107),2020-01-20T00:00:00Z,2020
D43,Shooting,139,Scarborough Village (139),2020-01-25T00:00:00Z,2020
D14,Shooting,77,Waterfront Communities-The Island (77),2020-01-31T00:00:00Z,2020
D14,Shooting,77,Waterfront Communities-The Island (77),2020-01-31T00:00:00Z,2020
D54,Shooting,65,Greenwood-Coxwell (65),2020-02-05T00:00:00Z,2020
D41,Other,119,Wexford/Maryvale (119),2018-04-08T00:00:00Z,2018
D22,Shooting,13,Etobicoke West Mall (13),2020-02-07T00:00:00Z,2020
D42,Other,128,Agincourt South-Malvern West (128),2020-02-21T00:00:00Z,2020
D32,Stabbing,26,Downsview-Roding-CFB (26),2020-02-24T00:00:00Z,2020
D42,Shooting,128,Agincourt South-Malvern West (128),2020-03-13T00:00:00Z,2020
D13,Stabbing,107,Oakwood Village (107),2020-03-15T00:00:00Z,2020
D41,Shooting,120,Clairlea-Birchmount (120),2020-03-18T00:00:00Z,2020
D51,Shooting,76,Bay Street Corridor (76),2020-03-21T00:00:00Z,2020
D12,Other,115,Mount Dennis (115),2020-03-11T00:00:00Z,2020
D42,Other,117,L'Amoreaux (117),2020-04-05T00:00:00Z,2020
D53,Shooting,55,Thorncliffe Park (55),2020-04-05T00:00:00Z,2020
D13,Shooting,94,Wychwood (94),2020-04-08T00:00:00Z,2020
D43,Other,137,Woburn (137),2020-04-05T00:00:00Z,2020
D33,Other,52,Bayview Village (52),2020-04-14T00:00:00Z,2020
D22,Other,17,Mimico (includes Humber Bay Shores) (17),2020-04-21T00:00:00Z,2020
D31,Shooting,25,Glenfield-Jane Heights (25),2020-04-26T00:00:00Z,2020
D43,Other,123,Cliffcrest (123),2019-12-11T00:00:00Z,2019
D41,Shooting,119,Wexford/Maryvale (119),2020-05-02T00:00:00Z,2020
D53,Other,104,Mount Pleasant West (104),2020-05-14T00:00:00Z,2020
D23,Shooting,2,Mount Olive-Silverstone-Jamestown (2),2020-05-14T00:00:00Z,2020
D42,Shooting,46,Pleasant View (46),2020-05-17T00:00:00Z,2020
D41,Other,138,Eglinton East (138),2020-05-19T00:00:00Z,2020
D52,Shooting,77,Waterfront Communities-The Island (77),2020-05-26T00:00:00Z,2020
D23,Shooting,1,West Humber-Clairville (1),2020-05-30T00:00:00Z,2020
D53,Shooting,55,Thorncliffe Park (55),2020-06-09T00:00:00Z,2020
D13,Shooting,92,Corso Italia-Davenport (92),2020-06-19T00:00:00Z,2020
D51,Stabbing,71,Cabbagetown-South St.James Town (71),2020-06-25T00:00:00Z,2020
D42,Shooting,117,L'Amoreaux (117),2020-07-04T00:00:00Z,2020
D12,Shooting,111,Rockcliffe-Smythe (111),2020-07-10T00:00:00Z,2020
D43,Shooting,127,Bendale (127),2020-07-10T00:00:00Z,2020
D51,Other,73,Moss Park (73),2020-07-09T00:00:00Z,2020
D54,Other,59,Danforth East York (59),2020-08-03T00:00:00Z,2020
D14,Stabbing,81,Trinity-Bellwoods (81),2020-08-09T00:00:00Z,2020
D43,Shooting,138,Eglinton East (138),2020-08-12T00:00:00Z,2020
D14,Stabbing,82,Niagara (82),2020-08-11T00:00:00Z,2020
D32,Shooting,51,Willowdale East (51),2020-08-20T00:00:00Z,2020
D51,Stabbing,73,Moss Park (73),2020-08-26T00:00:00Z,2020
D43,Stabbing,136,West Hill (136),2020-08-22T00:00:00Z,2020
D43,Stabbing,136,West Hill (136),2020-08-22T00:00:00Z,2020
D31,Shooting,27,York University Heights (27),2020-09-02T00:00:00Z,2020
D23,Stabbing,1,West Humber-Clairville (1),2020-09-07T00:00:00Z,2020
D11,Shooting,111,Rockcliffe-Smythe (111),2020-09-10T00:00:00Z,2020
D23,Stabbing,1,West Humber-Clairville (1),2020-09-12T00:00:00Z,2020
D12,Stabbing,113,Weston (113),2020-09-12T00:00:00Z,2020
D12,Stabbing,113,Weston (113),2020-09-12T00:00:00Z,2020
D42,Shooting,132,Malvern (132),2020-09-20T00:00:00Z,2020
D31,Shooting,24,Black Creek (24),2020-09-24T00:00:00Z,2020
D23,Shooting,2,Mount Olive-Silverstone-Jamestown (2),2020-09-27T00:00:00Z,2020
D12,Shooting,113,Weston (113),2020-10-01T00:00:00Z,2020
D31,Shooting,26,Downsview-Roding-CFB (26),2020-10-03T00:00:00Z,2020
D32,Shooting,32,Englemount-Lawrence (32),2020-10-07T00:00:00Z,2020
D33,Other,47,Don Valley Village (47),2020-09-28T00:00:00Z,2020
D41,Shooting,121,Oakridge (121),2020-10-25T00:00:00Z,2020
D31,Shooting,24,Black Creek (24),2020-09-27T00:00:00Z,2020
D31,Shooting,24,Black Creek (24),2020-11-07T00:00:00Z,2020
D43,Stabbing,131,Rouge (131),2020-11-16T00:00:00Z,2020
D14,Stabbing,80,Palmerston-Little Italy (80),2020-11-18T00:00:00Z,2020
D33,Stabbing,45,Parkwoods-Donalda (45),2020-11-22T00:00:00Z,2020
D13,Shooting,31,Yorkdale-Glen Park (31),2020-12-02T00:00:00Z,2020
D14,Other,83,Dufferin Grove (83),2020-12-06T00:00:00Z,2020
D52,Other,81,Trinity-Bellwoods (81),2020-12-08T00:00:00Z,2020
D55,Stabbing,65,Greenwood-Coxwell (65),2020-12-08T00:00:00Z,2020
D53,Other,104,Mount Pleasant West (104),2020-12-18T00:00:00Z,2020
D33,Stabbing,47,Don Valley Village (47),2020-12-21T00:00:00Z,2020
